time,rc_on,rc_w,rc_to,mode,batt_w,batt_a,soc,grid_w,health,pwr_sw,axle_st,axle_ip,axle_dir,td_cur,td_sh,td_sm,td_eh,td_em,tc_cur,tc_sh,dis_cur,cd_cur,cc_slot1_dis,cc_slot1_time,cc_reserve
2026-09-07T17:07:19,off,0,0,35,1004,19.1,78,-7,Healthy,On,upcoming,off,export,90.0,0,0,0,0,60.0,23,62.5,60.0,unavailable,unavailable,unavailable
2026-09-07T17:07:28,off,0,0,35,994,18.9,78,-18,Healthy,On,upcoming,off,export,90.0,0,0,0,0,60.0,23,62.5,60.0,unavailable,unavailable,unavailable
2026-09-07T17:07:43,off,0,0,35,1015,19.3,78,15,Healthy,On,upcoming,off,export,90.0,0,0,0,0,60.0,23,62.5,60.0,unavailable,unavailable,unavailable
2026-09-07T17:07:58,off,0,0,35,1004,19.1,78,-13,Healthy,On,upcoming,off,export,90.0,0,0,0,0,60.0,23,62.5,60.0,unavailable,unavailable,unavailable
2026-09-07T17:08:14,off,0,0,35,1009,19.2,78,3,Healthy,On,upcoming,off,export,90.0,0,0,0,0,60.0,23,62.5,60.0,unavailable,unavailable,unavailable
2026-09-07T17:08:29,off,0,0,35,1009,19.2,78,13,Healthy,On,upcoming,off,export,90.0,0,0,0,0,60.0,23,62.5,60.0,unavailable,unavailable,unavailable
2026-09-07T17:08:44,off,0,0,35,1015,19.3,78,-9,Healthy,On,upcoming,off,export,90.0,0,0,0,0,60.0,23,62.5,60.0,unavailable,unavailable,unavailable
2026-09-07T17:08:59,off,0,0,35,1020,19.4,78,0,Healthy,On,upcoming,off,export,90.0,0,0,0,0,60.0,23,62.5,60.0,unavailable,unavailable,unavailable
2026-09-07T17:09:15,off,0,0,35,952,18.1,78,0,Healthy,On,upcoming,off,export,90.0,0,0,0,0,60.0,23,62.5,60.0,unavailable,unavailable,unavailable
2026-09-07T17:09:30,off,0,0,35,941,17.9,78,0,Healthy,On,upcoming,off,export,90.0,0,0,0,0,60.0,23,62.5,60.0,unavailable,unavailable,unavailable
2026-09-07T17:09:45,off,0,0,35,936,17.8,78,4,Healthy,On,upcoming,off,export,90.0,0,0,0,0,60.0,23,62.5,60.0,unavailable,unavailable,unavailable
2026-09-07T17:09:57,off,0,0,35,936,17.8,78,-9,Healthy,On,upcoming,off,export,90.0,0,0,0,0,60.0,23,62.5,60.0,unavailable,unavailable,unavailable
2026-09-07T17:10:13,off,0,0,35,946,18.0,78,16,Healthy,On,upcoming,off,export,90.0,0,0,0,0,60.0,23,62.5,60.0,unavailable,unavailable,unavailable
2026-09-07T17:10:28,off,0,0,35,946,18.0,77,7,Healthy,On,upcoming,off,export,90.0,0,0,0,0,60.0,23,62.5,60.0,unavailable,unavailable,unavailable
2026-09-07T17:10:43,off,0,0,35,941,17.9,77,1,Healthy,On,upcoming,off,export,90.0,0,0,0,0,60.0,23,62.5,60.0,unavailable,unavailable,unavailable
2026-09-07T17:10:58,off,0,0,35,941,17.9,77,0,Healthy,On,upcoming,off,export,90.0,0,0,0,0,60.0,23,62.5,60.0,unavailable,unavailable,unavailable
2026-09-07T17:11:14,off,0,0,35,946,18.0,77,16,Healthy,On,upcoming,off,export,90.0,0,0,0,0,60.0,23,62.5,60.0,unavailable,unavailable,unavailable
2026-09-07T17:11:29,off,0,0,35,946,18.0,77,-2,Healthy,On,upcoming,off,export,90.0,0,0,0,0,60.0,23,62.5,60.0,unavailable,unavailable,unavailable
2026-09-07T17:11:44,off,0,0,35,957,18.2,77,11,Healthy,On,upcoming,off,export,90.0,0,0,0,0,60.0,23,62.5,60.0,unavailable,unavailable,unavailable
2026-09-07T17:11:59,off,0,0,35,941,17.9,77,-5,Healthy,On,upcoming,off,export,90.0,0,0,0,0,60.0,23,62.5,60.0,unavailable,unavailable,unavailable
2026-09-07T17:12:15,off,0,0,35,952,18.1,77,10,Healthy,On,upcoming,off,export,90.0,0,0,0,0,60.0,23,62.5,60.0,unavailable,unavailable,unavailable
2026-09-07T17:12:30,off,0,0,35,946,18.0,77,-2,Healthy,On,upcoming,off,export,90.0,0,0,0,0,60.0,23,62.5,60.0,unavailable,unavailable,unavailable
2026-09-07T17:12:45,off,0,0,35,946,18.0,77,-4,Healthy,On,upcoming,off,export,90.0,0,0,0,0,60.0,23,62.5,60.0,unavailable,unavailable,unavailable
2026-09-07T17:13:00,off,0,0,35,946,18.0,77,4,Healthy,On,upcoming,off,export,90.0,0,0,0,0,60.0,23,62.5,60.0,unavailable,unavailable,unavailable
2026-09-07T17:13:12,off,0,0,35,957,18.2,77,22,Healthy,On,upcoming,off,export,90.0,0,0,0,0,60.0,23,62.5,60.0,unavailable,unavailable,unavailable
2026-09-07T17:13:28,off,0,0,35,946,18.0,77,-13,Healthy,On,upcoming,off,export,90.0,0,0,0,0,60.0,23,62.5,60.0,unavailable,unavailable,unavailable
2026-09-07T17:13:43,off,0,0,35,957,18.2,77,17,Healthy,On,upcoming,off,export,90.0,0,0,0,0,60.0,23,62.5,60.0,unavailable,unavailable,unavailable
2026-09-07T17:13:58,off,0,0,35,946,18.0,77,-5,Healthy,On,upcoming,off,export,90.0,0,0,0,0,60.0,23,62.5,60.0,unavailable,unavailable,unavailable
2026-09-07T17:14:13,off,0,0,35,946,18.0,77,-13,Healthy,On,upcoming,off,export,90.0,0,0,0,0,60.0,23,62.5,60.0,unavailable,unavailable,unavailable
2026-09-07T17:14:29,off,0,0,35,941,17.9,77,-14,Healthy,On,upcoming,off,export,90.0,0,0,0,0,60.0,23,62.5,60.0,unavailable,unavailable,unavailable
2026-09-07T17:14:44,off,0,0,35,952,18.1,77,6,Healthy,On,upcoming,off,export,90.0,0,0,0,0,60.0,23,62.5,60.0,unavailable,unavailable,unavailable
2026-09-07T17:14:59,off,0,0,35,946,18.0,77,-2,Healthy,On,upcoming,off,export,90.0,0,0,0,0,60.0,23,62.5,60.0,unavailable,unavailable,unavailable
2026-09-07T17:15:14,off,0,0,35,810,15.4,77,-24,Healthy,On,upcoming,off,export,90.0,0,0,0,0,60.0,23,62.5,60.0,unavailable,unavailable,unavailable
2026-09-07T17:15:30,off,0,0,35,836,15.9,77,4,Healthy,On,upcoming,off,export,90.0,0,0,0,0,60.0,23,62.5,60.0,unavailable,unavailable,unavailable
2026-09-07T17:15:45,off,0,0,35,831,15.8,77,7,Healthy,On,upcoming,off,export,90.0,0,0,0,0,60.0,23,62.5,60.0,unavailable,unavailable,unavailable
2026-09-07T17:16:00,off,0,0,35,820,15.6,77,3,Healthy,On,upcoming,off,export,90.0,0,0,0,0,60.0,23,62.5,60.0,unavailable,unavailable,unavailable
2026-09-07T17:16:15,off,0,0,35,825,15.7,77,8,Healthy,On,upcoming,off,export,90.0,0,0,0,0,60.0,23,62.5,60.0,unavailable,unavailable,unavailable
2026-09-07T17:16:27,off,0,0,35,836,15.9,77,-4,Healthy,On,upcoming,off,export,90.0,0,0,0,0,60.0,23,62.5,60.0,unavailable,unavailable,unavailable
2026-09-07T17:16:43,off,0,0,35,841,16.0,77,5,Healthy,On,upcoming,off,export,90.0,0,0,0,0,60.0,23,62.5,60.0,unavailable,unavailable,unavailable
2026-09-07T17:16:58,off,0,0,35,841,16.0,77,4,Healthy,On,upcoming,off,export,90.0,0,0,0,0,60.0,23,62.5,60.0,unavailable,unavailable,unavailable
2026-09-07T17:17:13,off,0,0,35,841,16.0,77,1,Healthy,On,upcoming,off,export,90.0,0,0,0,0,60.0,23,62.5,60.0,unavailable,unavailable,unavailable
2026-09-07T17:17:28,off,0,0,35,841,16.0,77,-9,Healthy,On,upcoming,off,export,90.0,0,0,0,0,60.0,23,62.5,60.0,unavailable,unavailable,unavailable
2026-09-07T17:17:59,off,0,0,35,unknown,unknown,unknown,unknown,Degraded,On,upcoming,off,export,90.0,0,0,0,0,60.0,23,62.5,60.0,unavailable,unavailable,unavailable
2026-09-07T17:18:14,off,0,0,35,862,16.4,77,23,Degraded,On,upcoming,off,export,90.0,0,0,0,0,60.0,23,62.5,60.0,unavailable,unavailable,unavailable
2026-09-07T17:18:29,off,0,0,35,852,16.2,77,-1,Degraded,On,upcoming,off,export,90.0,0,0,0,0,60.0,23,62.5,60.0,unavailable,unavailable,unavailable
2026-09-07T17:18:45,off,0,0,35,857,16.3,77,5,Degraded,On,upcoming,off,export,90.0,0,0,0,0,60.0,23,62.5,60.0,unavailable,unavailable,unavailable
2026-09-07T17:19:00,off,0,0,35,857,16.3,77,-12,Degraded,On,upcoming,off,export,90.0,0,0,0,0,60.0,23,62.5,60.0,unavailable,unavailable,unavailable
2026-09-07T17:19:15,off,0,0,35,857,16.3,77,-15,Degraded,On,upcoming,off,export,90.0,0,0,0,0,60.0,23,62.5,60.0,unavailable,unavailable,unavailable
2026-09-07T17:19:27,off,0,0,35,862,16.4,77,0,Degraded,On,upcoming,off,export,90.0,0,0,0,0,60.0,23,62.5,60.0,unavailable,unavailable,unavailable
2026-09-07T17:19:43,off,0,0,35,867,16.5,77,6,Degraded,On,upcoming,off,export,90.0,0,0,0,0,60.0,23,62.5,60.0,unavailable,unavailable,unavailable
2026-09-07T17:19:58,off,0,0,35,862,16.4,77,5,Degraded,On,upcoming,off,export,90.0,0,0,0,0,60.0,23,62.5,60.0,unavailable,unavailable,unavailable
2026-09-07T17:20:14,off,0,0,35,862,16.4,77,-3,Degraded,On,upcoming,off,export,90.0,0,0,0,0,60.0,23,62.5,60.0,unavailable,unavailable,unavailable
2026-09-07T17:20:29,off,0,0,35,883,16.8,77,-36,Degraded,On,upcoming,off,export,90.0,0,0,0,0,60.0,23,62.5,60.0,unavailable,unavailable,unavailable
2026-09-07T17:20:44,off,0,0,35,915,17.4,77,14,Degraded,On,upcoming,off,export,90.0,0,0,0,0,60.0,23,62.5,60.0,unavailable,unavailable,unavailable
2026-09-07T17:20:59,off,0,0,35,915,17.4,77,-12,Degraded,On,upcoming,off,export,90.0,0,0,0,0,60.0,23,62.5,60.0,unavailable,unavailable,unavailable
2026-09-07T17:21:15,off,0,0,35,915,17.4,77,-1,Degraded,On,upcoming,off,export,90.0,0,0,0,0,60.0,23,62.5,60.0,unavailable,unavailable,unavailable
2026-09-07T17:21:30,off,0,0,35,931,17.7,77,14,Degraded,On,upcoming,off,export,90.0,0,0,0,0,60.0,23,62.5,60.0,unavailable,unavailable,unavailable
2026-09-07T17:21:45,off,0,0,35,920,17.5,77,-3,Degraded,On,upcoming,off,export,90.0,0,0,0,0,60.0,23,62.5,60.0,unavailable,unavailable,unavailable
2026-09-07T17:22:00,off,0,0,35,915,17.4,77,4,Degraded,On,upcoming,off,export,90.0,0,0,0,0,60.0,23,62.5,60.0,unavailable,unavailable,unavailable
2026-09-07T17:22:12,off,0,0,35,915,17.4,77,-22,Degraded,On,upcoming,off,export,90.0,0,0,0,0,60.0,23,62.5,60.0,unavailable,unavailable,unavailable
2026-09-07T17:22:28,off,0,0,35,909,17.3,77,32,Degraded,On,upcoming,off,export,90.0,0,0,0,0,60.0,23,62.5,60.0,unavailable,unavailable,unavailable
2026-09-07T17:22:43,off,0,0,35,915,17.4,77,-7,Degraded,On,upcoming,off,export,90.0,0,0,0,0,60.0,23,62.5,60.0,unavailable,unavailable,unavailable
2026-09-07T17:22:58,off,0,0,35,904,17.2,77,-3,Degraded,On,upcoming,off,export,90.0,0,0,0,0,60.0,23,62.5,60.0,unavailable,unavailable,unavailable
2026-09-07T17:23:13,off,0,0,35,899,17.1,77,7,Degraded,On,upcoming,off,export,90.0,0,0,0,0,60.0,23,62.5,60.0,unavailable,unavailable,unavailable
2026-09-07T17:23:29,off,0,0,35,899,17.1,77,8,Degraded,On,upcoming,off,export,90.0,0,0,0,0,60.0,23,62.5,60.0,unavailable,unavailable,unavailable
2026-09-07T17:23:44,off,0,0,35,904,17.2,77,8,Degraded,On,upcoming,off,export,90.0,0,0,0,0,60.0,23,62.5,60.0,unavailable,unavailable,unavailable
2026-09-07T17:23:59,off,0,0,35,888,16.9,77,2,Degraded,On,upcoming,off,export,90.0,0,0,0,0,60.0,23,62.5,60.0,unavailable,unavailable,unavailable
2026-09-07T17:24:14,off,0,0,35,894,17.0,77,-10,Degraded,On,upcoming,off,export,90.0,0,0,0,0,60.0,23,62.5,60.0,unavailable,unavailable,unavailable
2026-09-07T17:24:30,off,0,0,35,899,17.1,77,24,Degraded,On,upcoming,off,export,90.0,0,0,0,0,60.0,23,62.5,60.0,unavailable,unavailable,unavailable
2026-09-07T17:24:39,off,0,0,35,899,17.1,77,24,Degraded,On,upcoming,off,export,90.0,0,0,20,0,60.0,23,62.5,60.0,unavailable,unavailable,unavailable
2026-09-07T17:24:45,off,0,0,35,883,16.8,77,3,Degraded,On,upcoming,off,export,90.0,0,0,20,0,60.0,23,62.5,60.0,unavailable,unavailable,unavailable
2026-09-07T17:24:48,off,0,0,35,883,16.8,77,3,Degraded,On,upcoming,off,export,90.0,19,0,20,0,60.0,23,62.5,60.0,unavailable,unavailable,unavailable
2026-09-07T17:25:00,off,0,0,35,888,16.9,77,3,Degraded,On,upcoming,off,export,90.0,19,0,20,0,60.0,23,62.5,60.0,unavailable,unavailable,unavailable
2026-09-07T17:25:12,off,0,0,35,883,16.8,77,1,Degraded,On,upcoming,off,export,90.0,19,0,20,0,60.0,23,62.5,60.0,unavailable,unavailable,unavailable
2026-09-07T17:25:28,off,0,0,35,878,16.7,77,71,Degraded,On,upcoming,off,export,90.0,19,0,20,0,60.0,23,62.5,60.0,unavailable,unavailable,unavailable
2026-09-07T17:25:43,off,0,0,35,815,15.5,77,5,Degraded,On,upcoming,off,export,90.0,19,0,20,0,60.0,23,62.5,60.0,unavailable,unavailable,unavailable
2026-09-07T17:25:58,off,0,0,35,815,15.5,77,1,Degraded,On,upcoming,off,export,90.0,19,0,20,0,60.0,23,62.5,60.0,unavailable,unavailable,unavailable
2026-09-07T17:26:13,off,0,0,35,815,15.5,77,6,Degraded,On,upcoming,off,export,90.0,19,0,20,0,60.0,23,62.5,60.0,unavailable,unavailable,unavailable
2026-09-07T17:26:29,off,0,0,35,815,15.5,77,5,Degraded,On,upcoming,off,export,90.0,19,0,20,0,60.0,23,62.5,60.0,unavailable,unavailable,unavailable
2026-09-07T17:26:44,off,0,0,35,810,15.4,77,-6,Degraded,On,upcoming,off,export,90.0,19,0,20,0,60.0,23,62.5,60.0,unavailable,unavailable,unavailable
2026-09-07T17:26:59,off,0,0,35,815,15.5,77,8,Degraded,On,upcoming,off,export,90.0,19,0,20,0,60.0,23,62.5,60.0,unavailable,unavailable,unavailable
2026-09-07T17:27:14,off,0,0,35,836,15.9,77,4,Degraded,On,upcoming,off,export,90.0,19,0,20,0,60.0,23,62.5,60.0,unavailable,unavailable,unavailable
2026-09-07T17:27:30,off,0,0,35,831,15.8,77,2,Degraded,On,upcoming,off,export,90.0,19,0,20,0,60.0,23,62.5,60.0,unavailable,unavailable,unavailable
2026-09-07T17:27:45,off,0,0,35,720,13.7,77,-13,Degraded,On,upcoming,off,export,90.0,19,0,20,0,60.0,23,62.5,60.0,unavailable,unavailable,unavailable
2026-09-07T17:28:00,off,0,0,35,715,13.6,77,2,Healthy,On,upcoming,off,export,90.0,19,0,20,0,60.0,23,62.5,60.0,unavailable,unavailable,unavailable
2026-09-07T17:28:15,off,0,0,35,741,14.1,77,-2,Healthy,On,upcoming,off,export,90.0,19,0,20,0,60.0,23,62.5,60.0,unavailable,unavailable,unavailable
2026-09-07T17:28:28,off,0,0,35,741,14.1,77,4,Healthy,On,upcoming,off,export,90.0,19,0,20,0,60.0,23,62.5,60.0,unavailable,unavailable,unavailable
2026-09-07T17:28:43,off,0,0,35,731,13.9,77,1,Healthy,On,upcoming,off,export,90.0,19,0,20,0,60.0,23,62.5,60.0,unavailable,unavailable,unavailable
2026-09-07T17:28:58,off,0,0,35,720,13.7,77,-1,Healthy,On,upcoming,off,export,90.0,19,0,20,0,60.0,23,62.5,60.0,unavailable,unavailable,unavailable
2026-09-07T17:29:13,off,0,0,35,767,14.6,77,-22,Healthy,On,upcoming,off,export,90.0,19,0,20,0,60.0,23,62.5,60.0,unavailable,unavailable,unavailable
2026-09-07T17:29:29,off,0,0,35,762,14.5,77,2,Healthy,On,upcoming,off,export,90.0,19,0,20,0,60.0,23,62.5,60.0,unavailable,unavailable,unavailable
2026-09-07T17:29:44,off,0,0,35,757,14.4,77,2,Healthy,On,upcoming,off,export,90.0,19,0,20,0,60.0,23,62.5,60.0,unavailable,unavailable,unavailable
2026-09-07T17:29:59,off,0,0,35,752,14.3,77,0,Healthy,On,upcoming,off,export,90.0,19,0,20,0,60.0,23,62.5,60.0,unavailable,unavailable,unavailable
2026-09-07T17:30:14,off,0,0,35,757,14.4,77,-5,Healthy,On,upcoming,off,export,90.0,19,0,20,0,60.0,23,62.5,60.0,unavailable,unavailable,unavailable
2026-09-07T17:30:29,off,0,0,35,752,14.3,77,2,Healthy,On,upcoming,off,export,90.0,19,0,20,0,60.0,23,62.5,60.0,unavailable,unavailable,unavailable
2026-09-07T17:30:45,off,0,0,35,762,14.5,77,14,Healthy,On,upcoming,off,export,90.0,19,0,20,0,60.0,23,62.5,60.0,unavailable,unavailable,unavailable
2026-09-07T17:31:00,off,0,0,35,757,14.4,77,6,Healthy,On,upcoming,off,export,90.0,19,0,20,0,60.0,23,62.5,60.0,unavailable,unavailable,unavailable
2026-09-07T17:31:15,off,0,0,35,752,14.3,77,-3,Healthy,On,upcoming,off,export,90.0,19,0,20,0,60.0,23,62.5,60.0,unavailable,unavailable,unavailable
2026-09-07T17:31:27,off,0,0,35,757,14.4,77,17,Healthy,On,upcoming,off,export,90.0,19,0,20,0,60.0,23,62.5,60.0,unavailable,unavailable,unavailable
2026-09-07T17:31:43,off,0,0,35,752,14.3,77,10,Healthy,On,upcoming,off,export,90.0,19,0,20,0,60.0,23,62.5,60.0,unavailable,unavailable,unavailable
2026-09-07T17:31:58,off,0,0,35,752,14.3,77,11,Healthy,On,upcoming,off,export,90.0,19,0,20,0,60.0,23,62.5,60.0,unavailable,unavailable,unavailable
2026-09-07T17:32:13,off,0,0,35,746,14.2,76,-1,Healthy,On,upcoming,off,export,90.0,19,0,20,0,60.0,23,62.5,60.0,unavailable,unavailable,unavailable
2026-09-07T17:32:28,off,0,0,35,746,14.2,76,1,Healthy,On,upcoming,off,export,90.0,19,0,20,0,60.0,23,62.5,60.0,unavailable,unavailable,unavailable
2026-09-07T17:32:44,off,0,0,35,736,14.0,76,12,Healthy,On,upcoming,off,export,90.0,19,0,20,0,60.0,23,62.5,60.0,unavailable,unavailable,unavailable
2026-09-07T17:32:59,off,0,0,35,720,13.7,76,18,Healthy,On,upcoming,off,export,90.0,19,0,20,0,60.0,23,62.5,60.0,unavailable,unavailable,unavailable
2026-09-07T17:33:14,off,0,0,35,690,13.1,76,-2,Healthy,On,upcoming,off,export,90.0,19,0,20,0,60.0,23,62.5,60.0,unavailable,unavailable,unavailable
2026-09-07T17:33:29,off,0,0,35,694,13.2,76,-3,Healthy,On,upcoming,off,export,90.0,19,0,20,0,60.0,23,62.5,60.0,unavailable,unavailable,unavailable
2026-09-07T17:33:45,off,0,0,35,699,13.3,76,13,Healthy,On,upcoming,off,export,90.0,19,0,20,0,60.0,23,62.5,60.0,unavailable,unavailable,unavailable
2026-09-07T17:34:00,off,0,0,35,685,13.0,76,11,Healthy,On,upcoming,off,export,90.0,19,0,20,0,60.0,23,62.5,60.0,unavailable,unavailable,unavailable
2026-09-07T17:34:15,off,0,0,35,678,12.9,76,-10,Healthy,On,upcoming,off,export,90.0,19,0,20,0,60.0,23,62.5,60.0,unavailable,unavailable,unavailable
2026-09-07T17:34:30,off,0,0,35,679,12.9,76,5,Healthy,On,upcoming,off,export,90.0,19,0,20,0,60.0,23,62.5,60.0,unavailable,unavailable,unavailable
2026-09-07T17:34:43,off,0,0,35,669,12.7,76,7,Healthy,On,upcoming,off,export,90.0,19,0,20,0,60.0,23,62.5,60.0,unavailable,unavailable,unavailable
2026-09-07T17:34:58,off,0,0,35,888,16.9,76,-2,Healthy,On,upcoming,off,export,90.0,19,0,20,0,60.0,23,62.5,60.0,unavailable,unavailable,unavailable
2026-09-07T17:35:13,off,0,0,35,894,17.0,76,0,Healthy,On,upcoming,off,export,90.0,19,0,20,0,60.0,23,62.5,60.0,unavailable,unavailable,unavailable
2026-09-07T17:35:28,off,0,0,35,888,16.9,76,2,Healthy,On,upcoming,off,export,90.0,19,0,20,0,60.0,23,62.5,60.0,unavailable,unavailable,unavailable
2026-09-07T17:35:43,off,0,0,35,883,16.8,76,9,Healthy,On,upcoming,off,export,90.0,19,0,20,0,60.0,23,62.5,60.0,unavailable,unavailable,unavailable
2026-09-07T17:35:59,off,0,0,35,878,16.7,76,-3,Healthy,On,upcoming,off,export,90.0,19,0,20,0,60.0,23,62.5,60.0,unavailable,unavailable,unavailable
2026-09-07T17:36:14,off,0,0,35,867,16.5,76,-8,Healthy,On,upcoming,off,export,90.0,19,0,20,0,60.0,23,62.5,60.0,unavailable,unavailable,unavailable
2026-09-07T17:36:29,off,0,0,35,867,16.5,76,12,Healthy,On,upcoming,off,export,90.0,19,0,20,0,60.0,23,62.5,60.0,unavailable,unavailable,unavailable
2026-09-07T17:36:44,off,0,0,35,857,16.3,76,7,Healthy,On,upcoming,off,export,90.0,19,0,20,0,60.0,23,62.5,60.0,unavailable,unavailable,unavailable
2026-09-07T17:37:00,off,0,0,35,852,16.2,76,-13,Healthy,On,upcoming,off,export,90.0,19,0,20,0,60.0,23,62.5,60.0,unavailable,unavailable,unavailable
2026-09-07T17:37:15,off,0,0,35,852,16.2,76,-8,Healthy,On,upcoming,off,export,90.0,19,0,20,0,60.0,23,62.5,60.0,unavailable,unavailable,unavailable
2026-09-07T17:37:30,off,0,0,35,852,16.2,76,3,Healthy,On,upcoming,off,export,90.0,19,0,20,0,60.0,23,62.5,60.0,unavailable,unavailable,unavailable
2026-09-07T17:37:45,off,0,0,35,852,16.2,76,9,Healthy,On,upcoming,off,export,90.0,19,0,20,0,60.0,23,62.5,60.0,unavailable,unavailable,unavailable
2026-09-07T17:37:58,off,0,0,35,846,16.1,76,-21,Healthy,On,upcoming,off,export,90.0,19,0,20,0,60.0,23,62.5,60.0,unavailable,unavailable,unavailable
2026-09-07T17:38:13,off,0,0,35,841,16.0,76,-4,Healthy,On,upcoming,off,export,90.0,19,0,20,0,60.0,23,62.5,60.0,unavailable,unavailable,unavailable
2026-09-07T17:38:28,off,0,0,35,841,16.0,76,-12,Healthy,On,upcoming,off,export,90.0,19,0,20,0,60.0,23,62.5,60.0,unavailable,unavailable,unavailable
2026-09-07T17:38:43,off,0,0,35,846,16.1,76,6,Healthy,On,upcoming,off,export,90.0,19,0,20,0,60.0,23,62.5,60.0,unavailable,unavailable,unavailable
2026-09-07T17:38:58,off,0,0,35,841,16.0,76,-11,Healthy,On,upcoming,off,export,90.0,19,0,20,0,60.0,23,62.5,60.0,unavailable,unavailable,unavailable
2026-09-07T17:39:14,off,0,0,35,857,16.3,76,-3,Healthy,On,upcoming,off,export,90.0,19,0,20,0,60.0,23,62.5,60.0,unavailable,unavailable,unavailable
2026-09-07T17:39:29,off,0,0,35,846,16.1,76,7,Healthy,On,upcoming,off,export,90.0,19,0,20,0,60.0,23,62.5,60.0,unavailable,unavailable,unavailable
2026-09-07T17:39:44,off,0,0,35,862,16.4,76,18,Healthy,On,upcoming,off,export,90.0,19,0,20,0,60.0,23,62.5,60.0,unavailable,unavailable,unavailable
2026-09-07T17:39:59,off,0,0,35,846,16.1,76,-7,Healthy,On,upcoming,off,export,90.0,19,0,20,0,60.0,23,62.5,60.0,unavailable,unavailable,unavailable
2026-09-07T17:40:15,off,0,0,35,846,16.1,76,1,Healthy,On,upcoming,off,export,90.0,19,0,20,0,60.0,23,62.5,60.0,unavailable,unavailable,unavailable
2026-09-07T17:40:30,off,0,0,35,857,16.3,76,8,Healthy,On,upcoming,off,export,90.0,19,0,20,0,60.0,23,62.5,60.0,unavailable,unavailable,unavailable
2026-09-07T17:40:45,off,0,0,35,846,16.1,76,-7,Healthy,On,upcoming,off,export,90.0,19,0,20,0,60.0,23,62.5,60.0,unavailable,unavailable,unavailable
2026-09-07T17:40:57,off,0,0,35,852,16.2,76,0,Healthy,On,upcoming,off,export,90.0,19,0,20,0,60.0,23,62.5,60.0,unavailable,unavailable,unavailable
2026-09-07T17:41:13,off,0,0,35,846,16.1,76,-6,Healthy,On,upcoming,off,export,90.0,19,0,20,0,60.0,23,62.5,60.0,unavailable,unavailable,unavailable
2026-09-07T17:41:28,off,0,0,35,852,16.2,76,7,Healthy,On,upcoming,off,export,90.0,19,0,20,0,60.0,23,62.5,60.0,unavailable,unavailable,unavailable
2026-09-07T17:41:43,off,0,0,35,857,16.3,76,16,Healthy,On,upcoming,off,export,90.0,19,0,20,0,60.0,23,62.5,60.0,unavailable,unavailable,unavailable
2026-09-07T17:41:58,off,0,0,35,852,16.2,76,-14,Healthy,On,upcoming,off,export,90.0,19,0,20,0,60.0,23,62.5,60.0,unavailable,unavailable,unavailable
2026-09-07T17:42:14,off,0,0,35,857,16.3,76,1,Healthy,On,upcoming,off,export,90.0,19,0,20,0,60.0,23,62.5,60.0,unavailable,unavailable,unavailable
2026-09-07T17:42:29,off,0,0,35,852,16.2,76,7,Healthy,On,upcoming,off,export,90.0,19,0,20,0,60.0,23,62.5,60.0,unavailable,unavailable,unavailable
2026-09-07T17:42:44,off,0,0,35,857,16.3,76,-3,Healthy,On,upcoming,off,export,90.0,19,0,20,0,60.0,23,62.5,60.0,unavailable,unavailable,unavailable
2026-09-07T17:42:59,off,0,0,35,857,16.3,76,-8,Healthy,On,upcoming,off,export,90.0,19,0,20,0,60.0,23,62.5,60.0,unavailable,unavailable,unavailable
2026-09-07T17:43:14,off,0,0,35,862,16.4,76,5,Healthy,On,upcoming,off,export,90.0,19,0,20,0,60.0,23,62.5,60.0,unavailable,unavailable,unavailable
2026-09-07T17:43:30,off,0,0,35,857,16.3,76,0,Healthy,On,upcoming,off,export,90.0,19,0,20,0,60.0,23,62.5,60.0,unavailable,unavailable,unavailable
2026-09-07T17:43:45,off,0,0,35,862,16.4,76,8,Healthy,On,upcoming,off,export,90.0,19,0,20,0,60.0,23,62.5,60.0,unavailable,unavailable,unavailable
2026-09-07T17:44:00,off,0,0,35,852,16.2,76,-4,Healthy,On,upcoming,off,export,90.0,19,0,20,0,60.0,23,62.5,60.0,unavailable,unavailable,unavailable
2026-09-07T17:44:12,off,0,0,35,852,16.2,76,-29,Healthy,On,upcoming,off,export,90.0,19,0,20,0,60.0,23,62.5,60.0,unavailable,unavailable,unavailable
2026-09-07T17:44:28,off,0,0,35,857,16.3,76,8,Healthy,On,upcoming,off,export,90.0,19,0,20,0,60.0,23,62.5,60.0,unavailable,unavailable,unavailable
2026-09-07T17:44:43,off,0,0,35,857,16.3,76,5,Healthy,On,upcoming,off,export,90.0,19,0,20,0,60.0,23,62.5,60.0,unavailable,unavailable,unavailable
2026-09-07T17:44:58,off,0,0,35,852,16.2,76,-10,Healthy,On,upcoming,off,export,90.0,19,0,20,0,60.0,23,62.5,60.0,unavailable,unavailable,unavailable
2026-09-07T17:45:13,off,0,0,35,657,12.5,76,-11,Healthy,On,upcoming,off,export,90.0,19,0,20,0,60.0,23,62.5,60.0,unavailable,unavailable,unavailable
2026-09-07T17:45:29,off,0,0,35,662,12.6,76,0,Healthy,On,upcoming,off,export,90.0,19,0,20,0,60.0,23,62.5,60.0,unavailable,unavailable,unavailable
2026-09-07T17:45:44,off,0,0,35,664,12.6,76,13,Healthy,On,upcoming,off,export,90.0,19,0,20,0,60.0,23,62.5,60.0,unavailable,unavailable,unavailable
2026-09-07T17:45:59,off,0,0,35,662,12.6,76,-9,Healthy,On,upcoming,off,export,90.0,19,0,20,0,60.0,23,62.5,60.0,unavailable,unavailable,unavailable
2026-09-07T17:46:14,off,0,0,35,657,12.5,76,8,Healthy,On,upcoming,off,export,90.0,19,0,20,0,60.0,23,62.5,60.0,unavailable,unavailable,unavailable
2026-09-07T17:46:29,off,0,0,35,658,12.5,76,0,Healthy,On,upcoming,off,export,90.0,19,0,20,0,60.0,23,62.5,60.0,unavailable,unavailable,unavailable
2026-09-07T17:46:45,off,0,0,35,668,12.7,76,2,Healthy,On,upcoming,off,export,90.0,19,0,20,0,60.0,23,62.5,60.0,unavailable,unavailable,unavailable
2026-09-07T17:47:00,off,0,0,35,662,12.6,76,-7,Healthy,On,upcoming,off,export,90.0,19,0,20,0,60.0,23,62.5,60.0,unavailable,unavailable,unavailable
2026-09-07T17:47:15,off,0,0,35,662,12.6,76,-5,Healthy,On,upcoming,off,export,90.0,19,0,20,0,60.0,23,62.5,60.0,unavailable,unavailable,unavailable
2026-09-07T17:47:30,off,0,0,35,673,12.8,76,11,Healthy,On,upcoming,off,export,90.0,19,0,20,0,60.0,23,62.5,60.0,unavailable,unavailable,unavailable
2026-09-07T17:47:43,off,0,0,35,668,12.7,76,0,Healthy,On,upcoming,off,export,90.0,19,0,20,0,60.0,23,62.5,60.0,unavailable,unavailable,unavailable
2026-09-07T17:47:58,off,0,0,35,662,12.6,76,-12,Healthy,On,upcoming,off,export,90.0,19,0,20,0,60.0,23,62.5,60.0,unavailable,unavailable,unavailable
2026-09-07T17:48:13,off,0,0,35,668,12.7,76,3,Healthy,On,upcoming,off,export,90.0,19,0,20,0,60.0,23,62.5,60.0,unavailable,unavailable,unavailable
2026-09-07T17:48:28,off,0,0,35,662,12.6,76,2,Healthy,On,upcoming,off,export,90.0,19,0,20,0,60.0,23,62.5,60.0,unavailable,unavailable,unavailable
2026-09-07T17:48:44,off,0,0,35,669,12.7,76,-7,Healthy,On,upcoming,off,export,90.0,19,0,20,0,60.0,23,62.5,60.0,unavailable,unavailable,unavailable
2026-09-07T17:48:59,off,0,0,35,662,12.6,76,-15,Healthy,On,upcoming,off,export,90.0,19,0,20,0,60.0,23,62.5,60.0,unavailable,unavailable,unavailable
2026-09-07T17:49:14,off,0,0,35,662,12.6,76,-16,Healthy,On,upcoming,off,export,90.0,19,0,20,0,60.0,23,62.5,60.0,unavailable,unavailable,unavailable
2026-09-07T17:49:29,off,0,0,35,669,12.7,76,12,Healthy,On,upcoming,off,export,90.0,19,0,20,0,60.0,23,62.5,60.0,unavailable,unavailable,unavailable
2026-09-07T17:49:44,off,0,0,35,673,12.8,76,10,Healthy,On,upcoming,off,export,90.0,19,0,20,0,60.0,23,62.5,60.0,unavailable,unavailable,unavailable
2026-09-07T17:50:00,off,0,0,35,673,12.8,76,0,Healthy,On,upcoming,off,export,90.0,19,0,20,0,60.0,23,62.5,60.0,unavailable,unavailable,unavailable
2026-09-07T17:50:15,off,0,0,35,669,12.7,76,15,Healthy,On,upcoming,off,export,90.0,19,0,20,0,60.0,23,62.5,60.0,unavailable,unavailable,unavailable
2026-09-07T17:50:30,off,0,0,35,662,12.6,76,7,Healthy,On,upcoming,off,export,90.0,19,0,20,0,60.0,23,62.5,60.0,unavailable,unavailable,unavailable
2026-09-07T17:50:42,off,0,0,35,668,12.7,76,-2,Healthy,On,upcoming,off,export,90.0,19,0,20,0,60.0,23,62.5,60.0,unavailable,unavailable,unavailable
2026-09-07T17:50:58,off,0,0,35,658,12.5,76,-8,Healthy,On,upcoming,off,export,90.0,19,0,20,0,60.0,23,62.5,60.0,unavailable,unavailable,unavailable
2026-09-07T17:51:13,off,0,0,35,662,12.6,76,0,Healthy,On,upcoming,off,export,90.0,19,0,20,0,60.0,23,62.5,60.0,unavailable,unavailable,unavailable
2026-09-07T17:51:28,off,0,0,35,662,12.6,76,8,Healthy,On,upcoming,off,export,90.0,19,0,20,0,60.0,23,62.5,60.0,unavailable,unavailable,unavailable
2026-09-07T17:51:43,off,0,0,35,664,12.6,76,4,Healthy,On,upcoming,off,export,90.0,19,0,20,0,60.0,23,62.5,60.0,unavailable,unavailable,unavailable
2026-09-07T17:51:59,off,0,0,35,658,12.5,76,-13,Healthy,On,upcoming,off,export,90.0,19,0,20,0,60.0,23,62.5,60.0,unavailable,unavailable,unavailable
2026-09-07T17:52:14,off,0,0,35,664,12.6,76,3,Healthy,On,upcoming,off,export,90.0,19,0,20,0,60.0,23,62.5,60.0,unavailable,unavailable,unavailable
2026-09-07T17:52:29,off,0,0,35,662,12.6,76,8,Healthy,On,upcoming,off,export,90.0,19,0,20,0,60.0,23,62.5,60.0,unavailable,unavailable,unavailable
2026-09-07T17:52:44,off,0,0,35,664,12.6,76,-1,Healthy,On,upcoming,off,export,90.0,19,0,20,0,60.0,23,62.5,60.0,unavailable,unavailable,unavailable
2026-09-07T17:53:00,off,0,0,35,658,12.5,76,-4,Healthy,On,upcoming,off,export,90.0,19,0,20,0,60.0,23,62.5,60.0,unavailable,unavailable,unavailable
2026-09-07T17:53:15,off,0,0,35,662,12.6,76,-18,Healthy,On,upcoming,off,export,90.0,19,0,20,0,60.0,23,62.5,60.0,unavailable,unavailable,unavailable
2026-09-07T17:53:30,off,0,0,35,657,12.5,76,9,Healthy,On,upcoming,off,export,90.0,19,0,20,0,60.0,23,62.5,60.0,unavailable,unavailable,unavailable
2026-09-07T17:53:45,off,0,0,35,673,12.8,76,8,Healthy,On,upcoming,off,export,90.0,19,0,20,0,60.0,23,62.5,60.0,unavailable,unavailable,unavailable
2026-09-07T17:53:57,off,0,0,35,657,12.5,76,-6,Healthy,On,upcoming,off,export,90.0,19,0,20,0,60.0,23,62.5,60.0,unavailable,unavailable,unavailable
2026-09-07T17:54:13,off,0,0,35,657,12.5,76,-16,Healthy,On,upcoming,off,export,90.0,19,0,20,0,60.0,23,62.5,60.0,unavailable,unavailable,unavailable
2026-09-07T17:54:28,off,0,0,35,652,12.4,76,7,Healthy,On,upcoming,off,export,90.0,19,0,20,0,60.0,23,62.5,60.0,unavailable,unavailable,unavailable
2026-09-07T17:54:43,off,0,0,35,652,12.4,76,2,Healthy,On,upcoming,off,export,90.0,19,0,20,0,60.0,23,62.5,60.0,unavailable,unavailable,unavailable
2026-09-07T17:54:58,off,0,0,35,648,12.3,76,0,Healthy,On,upcoming,off,export,90.0,19,0,20,0,60.0,23,62.5,60.0,unavailable,unavailable,unavailable
2026-09-07T17:55:14,off,0,0,35,669,12.7,76,-15,Healthy,On,upcoming,off,export,90.0,19,0,20,0,60.0,23,62.5,60.0,unavailable,unavailable,unavailable
2026-09-07T17:55:29,off,0,0,35,689,13.1,76,15,Healthy,On,upcoming,off,export,90.0,19,0,20,0,60.0,23,62.5,60.0,unavailable,unavailable,unavailable
2026-09-07T17:55:44,off,0,0,35,662,12.6,76,5,Healthy,On,upcoming,off,export,90.0,19,0,20,0,60.0,23,62.5,60.0,unavailable,unavailable,unavailable
2026-09-07T17:55:59,off,0,0,35,674,12.8,76,-15,Healthy,On,upcoming,off,export,90.0,19,0,20,0,60.0,23,62.5,60.0,unavailable,unavailable,unavailable
2026-09-07T17:56:15,off,0,0,35,678,12.9,75,16,Healthy,On,upcoming,off,export,90.0,19,0,20,0,60.0,23,62.5,60.0,unavailable,unavailable,unavailable
2026-09-07T17:56:30,off,0,0,35,669,12.7,75,1,Healthy,On,upcoming,off,export,90.0,19,0,20,0,60.0,23,62.5,60.0,unavailable,unavailable,unavailable
2026-09-07T17:56:45,off,0,0,35,678,12.9,75,3,Healthy,On,upcoming,off,export,90.0,19,0,20,0,60.0,23,62.5,60.0,unavailable,unavailable,unavailable
2026-09-07T17:57:00,off,0,0,35,668,12.7,75,-8,Healthy,On,upcoming,off,export,90.0,19,0,20,0,60.0,23,62.5,60.0,unavailable,unavailable,unavailable
2026-09-07T17:57:12,off,0,0,35,674,12.8,75,3,Healthy,On,upcoming,off,export,90.0,19,0,20,0,60.0,23,62.5,60.0,unavailable,unavailable,unavailable
2026-09-07T17:57:28,off,0,0,35,673,12.8,75,9,Healthy,On,upcoming,off,export,90.0,19,0,20,0,60.0,23,62.5,60.0,unavailable,unavailable,unavailable
2026-09-07T17:57:43,off,0,0,35,678,12.9,75,5,Healthy,On,upcoming,off,export,90.0,19,0,20,0,60.0,23,62.5,60.0,unavailable,unavailable,unavailable
2026-09-07T17:57:58,off,0,0,35,662,12.6,75,-5,Healthy,On,upcoming,off,export,90.0,19,0,20,0,60.0,23,62.5,60.0,unavailable,unavailable,unavailable
2026-09-07T17:58:13,off,0,0,35,673,12.8,75,13,Healthy,On,upcoming,off,export,90.0,19,0,20,0,60.0,23,62.5,60.0,unavailable,unavailable,unavailable
2026-09-07T17:58:29,off,0,0,35,669,12.7,75,0,Healthy,On,upcoming,off,export,90.0,19,0,20,0,60.0,23,62.5,60.0,unavailable,unavailable,unavailable
2026-09-07T17:58:44,off,0,0,35,668,12.7,75,-3,Healthy,On,upcoming,off,export,90.0,19,0,20,0,60.0,23,62.5,60.0,unavailable,unavailable,unavailable
2026-09-07T17:58:59,off,0,0,35,664,12.6,75,-2,Healthy,On,upcoming,off,export,90.0,19,0,20,0,60.0,23,62.5,60.0,unavailable,unavailable,unavailable
2026-09-07T17:59:14,off,0,0,35,674,12.8,75,-5,Healthy,On,upcoming,off,export,90.0,19,0,20,0,60.0,23,62.5,60.0,unavailable,unavailable,unavailable
2026-09-07T17:59:30,off,0,0,35,674,12.8,75,-13,Healthy,On,upcoming,off,export,90.0,19,0,20,0,60.0,23,62.5,60.0,unavailable,unavailable,unavailable
2026-09-07T17:59:45,off,0,0,35,2296,44.0,75,485,Healthy,On,upcoming,off,export,90.0,19,0,20,0,60.0,23,62.5,60.0,unavailable,unavailable,unavailable
2026-09-07T18:00:00,off,0,0,35,3187,61.3,75,2182,Healthy,On,upcoming,off,export,90.0,19,0,20,0,60.0,23,62.5,60.0,unavailable,unavailable,unavailable
2026-09-07T18:00:09,off,0,0,35,3187,61.3,75,2182,Healthy,On,in_progress,on,export,90.0,19,0,20,0,60.0,23,62.5,60.0,unavailable,unavailable,unavailable
2026-09-07T18:00:15,off,0,0,35,3182,61.2,75,2147,Healthy,On,in_progress,on,export,90.0,19,0,20,0,60.0,23,62.5,60.0,unavailable,unavailable,unavailable
2026-09-07T18:00:27,off,0,0,35,3192,61.4,75,2182,Healthy,On,in_progress,on,export,90.0,19,0,20,0,60.0,23,62.5,60.0,unavailable,unavailable,unavailable
2026-09-07T18:00:43,off,0,0,35,3181,61.3,75,2162,Healthy,On,in_progress,on,export,90.0,19,0,20,0,60.0,23,62.5,60.0,unavailable,unavailable,unavailable
2026-09-07T18:00:58,off,0,0,35,3181,61.3,75,2159,Healthy,On,in_progress,on,export,90.0,19,0,20,0,60.0,23,62.5,60.0,unavailable,unavailable,unavailable
2026-09-07T18:01:13,off,0,0,35,3181,61.3,75,2163,Healthy,On,in_progress,on,export,90.0,19,0,20,0,60.0,23,62.5,60.0,unavailable,unavailable,unavailable
2026-09-07T18:01:28,off,0,0,35,3181,61.3,75,2156,Healthy,On,in_progress,on,export,90.0,19,0,20,0,60.0,23,62.5,60.0,unavailable,unavailable,unavailable
2026-09-07T18:01:44,off,0,0,35,3181,61.3,75,2136,Healthy,On,in_progress,on,export,90.0,19,0,20,0,60.0,23,62.5,60.0,unavailable,unavailable,unavailable
2026-09-07T18:01:59,off,0,0,35,3171,61.1,75,2157,Healthy,On,in_progress,on,export,90.0,19,0,20,0,60.0,23,62.5,60.0,unavailable,unavailable,unavailable
2026-09-07T18:02:14,off,0,0,35,3176,61.2,75,2151,Healthy,On,in_progress,on,export,90.0,19,0,20,0,60.0,23,62.5,60.0,unavailable,unavailable,unavailable
2026-09-07T18:02:29,off,0,0,35,3181,61.3,75,2145,Healthy,On,in_progress,on,export,90.0,19,0,20,0,60.0,23,62.5,60.0,unavailable,unavailable,unavailable
2026-09-07T18:02:45,off,0,0,35,3176,61.2,75,2154,Healthy,On,in_progress,on,export,90.0,19,0,20,0,60.0,23,62.5,60.0,unavailable,unavailable,unavailable
2026-09-07T18:03:00,off,0,0,35,3181,61.3,75,2157,Healthy,On,in_progress,on,export,90.0,19,0,20,0,60.0,23,62.5,60.0,unavailable,unavailable,unavailable
2026-09-07T18:03:15,off,0,0,35,3176,61.2,75,2145,Healthy,On,in_progress,on,export,90.0,19,0,20,0,60.0,23,62.5,60.0,unavailable,unavailable,unavailable
2026-09-07T18:03:30,off,0,0,35,3186,61.4,75,2148,Healthy,On,in_progress,on,export,90.0,19,0,20,0,60.0,23,62.5,60.0,unavailable,unavailable,unavailable
2026-09-07T18:03:43,off,0,0,35,3176,61.2,75,2147,Healthy,On,in_progress,on,export,90.0,19,0,20,0,60.0,23,62.5,60.0,unavailable,unavailable,unavailable
2026-09-07T18:03:58,off,0,0,35,3186,61.4,75,2151,Healthy,On,in_progress,on,export,90.0,19,0,20,0,60.0,23,62.5,60.0,unavailable,unavailable,unavailable
2026-09-07T18:04:13,off,0,0,35,3176,61.2,75,2119,Healthy,On,in_progress,on,export,90.0,19,0,20,0,60.0,23,62.5,60.0,unavailable,unavailable,unavailable
2026-09-07T18:04:28,off,0,0,35,3186,61.4,74,2140,Healthy,On,in_progress,on,export,90.0,19,0,20,0,60.0,23,62.5,60.0,unavailable,unavailable,unavailable
2026-09-07T18:04:44,off,0,0,35,3176,61.2,74,2132,Healthy,On,in_progress,on,export,90.0,19,0,20,0,60.0,23,62.5,60.0,unavailable,unavailable,unavailable
2026-09-07T18:04:59,off,0,0,35,3181,61.3,74,2150,Healthy,On,in_progress,on,export,90.0,19,0,20,0,60.0,23,62.5,60.0,unavailable,unavailable,unavailable
2026-09-07T18:05:14,off,0,0,35,3181,61.3,74,2146,Healthy,On,in_progress,on,export,90.0,19,0,20,0,60.0,23,62.5,60.0,unavailable,unavailable,unavailable
2026-09-07T18:05:29,off,0,0,35,3176,61.2,74,2148,Healthy,On,in_progress,on,export,90.0,19,0,20,0,60.0,23,62.5,60.0,unavailable,unavailable,unavailable
2026-09-07T18:05:44,off,0,0,35,3176,61.2,74,1955,Healthy,On,in_progress,on,export,90.0,19,0,20,0,60.0,23,62.5,60.0,unavailable,unavailable,unavailable
2026-09-07T18:06:00,off,0,0,35,3186,61.4,74,1946,Healthy,On,in_progress,on,export,90.0,19,0,20,0,60.0,23,62.5,60.0,unavailable,unavailable,unavailable
2026-09-07T18:06:15,off,0,0,35,3176,61.2,74,1945,Healthy,On,in_progress,on,export,90.0,19,0,20,0,60.0,23,62.5,60.0,unavailable,unavailable,unavailable
2026-09-07T18:06:30,off,0,0,35,3176,61.2,74,1950,Healthy,On,in_progress,on,export,90.0,19,0,20,0,60.0,23,62.5,60.0,unavailable,unavailable,unavailable
2026-09-07T18:06:45,off,0,0,35,3176,61.2,74,1959,Healthy,On,in_progress,on,export,90.0,19,0,20,0,60.0,23,62.5,60.0,unavailable,unavailable,unavailable
2026-09-07T18:06:58,off,0,0,35,3181,61.3,74,1944,Healthy,On,in_progress,on,export,90.0,19,0,20,0,60.0,23,62.5,60.0,unavailable,unavailable,unavailable
2026-09-07T18:07:13,off,0,0,35,3181,61.3,74,2089,Healthy,On,in_progress,on,export,90.0,19,0,20,0,60.0,23,62.5,60.0,unavailable,unavailable,unavailable
2026-09-07T18:07:28,off,0,0,35,3176,61.2,74,2087,Healthy,On,in_progress,on,export,90.0,19,0,20,0,60.0,23,62.5,60.0,unavailable,unavailable,unavailable
2026-09-07T18:07:43,off,0,0,35,3176,61.2,74,2098,Healthy,On,in_progress,on,export,90.0,19,0,20,0,60.0,23,62.5,60.0,unavailable,unavailable,unavailable
2026-09-07T18:07:59,off,0,0,35,3176,61.2,74,2081,Healthy,On,in_progress,on,export,90.0,19,0,20,0,60.0,23,62.5,60.0,unavailable,unavailable,unavailable
2026-09-07T18:08:14,off,0,0,35,3176,61.2,74,2079,Healthy,On,in_progress,on,export,90.0,19,0,20,0,60.0,23,62.5,60.0,unavailable,unavailable,unavailable
2026-09-07T18:08:29,off,0,0,35,3181,61.3,74,2080,Healthy,On,in_progress,on,export,90.0,19,0,20,0,60.0,23,62.5,60.0,unavailable,unavailable,unavailable
2026-09-07T18:08:44,off,0,0,35,3181,61.3,74,2088,Healthy,On,in_progress,on,export,90.0,19,0,20,0,60.0,23,62.5,60.0,unavailable,unavailable,unavailable
2026-09-07T18:09:00,off,0,0,35,3176,61.2,74,2080,Healthy,On,in_progress,on,export,90.0,19,0,20,0,60.0,23,62.5,60.0,unavailable,unavailable,unavailable
2026-09-07T18:09:15,off,0,0,35,3176,61.2,74,2074,Healthy,On,in_progress,on,export,90.0,19,0,20,0,60.0,23,62.5,60.0,unavailable,unavailable,unavailable
2026-09-07T18:09:30,off,0,0,35,3176,61.2,74,2083,Healthy,On,in_progress,on,export,90.0,19,0,20,0,60.0,23,62.5,60.0,unavailable,unavailable,unavailable
2026-09-07T18:09:45,off,0,0,35,3176,61.2,74,2099,Healthy,On,in_progress,on,export,90.0,19,0,20,0,60.0,23,62.5,60.0,unavailable,unavailable,unavailable
2026-09-07T18:10:01,off,0,0,35,3176,61.2,73,2079,Healthy,On,in_progress,on,export,90.0,19,0,20,0,60.0,23,62.5,60.0,unavailable,unavailable,unavailable
2026-09-07T18:10:13,off,0,0,35,3181,61.3,73,2087,Healthy,On,in_progress,on,export,90.0,19,0,20,0,60.0,23,62.5,60.0,unavailable,unavailable,unavailable
2026-09-07T18:10:28,off,0,0,35,3186,61.4,73,2088,Healthy,On,in_progress,on,export,90.0,19,0,20,0,60.0,23,62.5,60.0,unavailable,unavailable,unavailable
2026-09-07T18:10:43,off,0,0,35,3181,61.3,73,2018,Healthy,On,in_progress,on,export,90.0,19,0,20,0,60.0,23,62.5,60.0,unavailable,unavailable,unavailable
2026-09-07T18:10:58,off,0,0,35,3181,61.3,73,2000,Healthy,On,in_progress,on,export,90.0,19,0,20,0,60.0,23,62.5,60.0,unavailable,unavailable,unavailable
2026-09-07T18:11:14,off,0,0,35,3181,61.3,73,2017,Healthy,On,in_progress,on,export,90.0,19,0,20,0,60.0,23,62.5,60.0,unavailable,unavailable,unavailable
2026-09-07T18:11:29,off,0,0,35,3176,61.2,73,2023,Healthy,On,in_progress,on,export,90.0,19,0,20,0,60.0,23,62.5,60.0,unavailable,unavailable,unavailable
2026-09-07T18:11:44,off,0,0,35,3186,61.4,73,2032,Healthy,On,in_progress,on,export,90.0,19,0,20,0,60.0,23,62.5,60.0,unavailable,unavailable,unavailable
2026-09-07T18:11:59,off,0,0,35,3181,61.3,73,2030,Healthy,On,in_progress,on,export,90.0,19,0,20,0,60.0,23,62.5,60.0,unavailable,unavailable,unavailable
2026-09-07T18:12:15,off,0,0,35,3176,61.2,73,2029,Healthy,On,in_progress,on,export,90.0,19,0,20,0,60.0,23,62.5,60.0,unavailable,unavailable,unavailable
2026-09-07T18:12:45,off,0,0,35,3186,61.4,73,2039,Healthy,On,in_progress,on,export,90.0,19,0,20,0,60.0,23,62.5,60.0,unavailable,unavailable,unavailable
2026-09-07T18:13:00,off,0,0,35,3176,61.2,73,2027,Healthy,On,in_progress,on,export,90.0,19,0,20,0,60.0,23,62.5,60.0,unavailable,unavailable,unavailable
2026-09-07T18:13:13,off,0,0,35,3186,61.4,73,1933,Healthy,On,in_progress,on,export,90.0,19,0,20,0,60.0,23,62.5,60.0,unavailable,unavailable,unavailable
2026-09-07T18:13:28,off,0,0,35,3176,61.2,73,1934,Healthy,On,in_progress,on,export,90.0,19,0,20,0,60.0,23,62.5,60.0,unavailable,unavailable,unavailable
2026-09-07T18:13:43,off,0,0,35,3176,61.2,73,1938,Healthy,On,in_progress,on,export,90.0,19,0,20,0,60.0,23,62.5,60.0,unavailable,unavailable,unavailable
2026-09-07T18:13:58,off,0,0,35,3186,61.4,73,1934,Healthy,On,in_progress,on,export,90.0,19,0,20,0,60.0,23,62.5,60.0,unavailable,unavailable,unavailable
2026-09-07T18:14:14,off,0,0,35,3176,61.2,73,1911,Healthy,On,in_progress,on,export,90.0,19,0,20,0,60.0,23,62.5,60.0,unavailable,unavailable,unavailable
2026-09-07T18:14:29,off,0,0,35,3186,61.4,73,1929,Healthy,On,in_progress,on,export,90.0,19,0,20,0,60.0,23,62.5,60.0,unavailable,unavailable,unavailable
2026-09-07T18:14:44,off,0,0,35,3186,61.4,73,1938,Healthy,On,in_progress,on,export,90.0,19,0,20,0,60.0,23,62.5,60.0,unavailable,unavailable,unavailable
2026-09-07T18:14:59,off,0,0,35,3181,61.3,73,1927,Healthy,On,in_progress,on,export,90.0,19,0,20,0,60.0,23,62.5,60.0,unavailable,unavailable,unavailable
2026-09-07T18:15:15,off,0,0,35,3186,61.4,73,2004,Healthy,On,in_progress,on,export,90.0,19,0,20,0,60.0,23,62.5,60.0,unavailable,unavailable,unavailable
2026-09-07T18:15:30,off,0,0,35,3176,61.2,72,2166,Healthy,On,in_progress,on,export,90.0,19,0,20,0,60.0,23,62.5,60.0,unavailable,unavailable,unavailable
2026-09-07T18:15:45,off,0,0,35,3181,61.3,72,2175,Healthy,On,in_progress,on,export,90.0,19,0,20,0,60.0,23,62.5,60.0,unavailable,unavailable,unavailable
2026-09-07T18:16:00,off,0,0,35,3181,61.3,72,2180,Healthy,On,in_progress,on,export,90.0,19,0,20,0,60.0,23,62.5,60.0,unavailable,unavailable,unavailable
2026-09-07T18:16:13,off,0,0,35,3181,61.3,72,2177,Healthy,On,in_progress,on,export,90.0,19,0,20,0,60.0,23,62.5,60.0,unavailable,unavailable,unavailable
2026-09-07T18:16:28,off,0,0,35,3176,61.2,72,2186,Healthy,On,in_progress,on,export,90.0,19,0,20,0,60.0,23,62.5,60.0,unavailable,unavailable,unavailable
2026-09-07T18:16:43,off,0,0,35,3186,61.4,72,2144,Healthy,On,in_progress,on,export,90.0,19,0,20,0,60.0,23,62.5,60.0,unavailable,unavailable,unavailable
2026-09-07T18:16:58,off,0,0,35,3181,61.3,72,2146,Healthy,On,in_progress,on,export,90.0,19,0,20,0,60.0,23,62.5,60.0,unavailable,unavailable,unavailable
2026-09-07T18:17:14,off,0,0,35,3186,61.4,72,2144,Healthy,On,in_progress,on,export,90.0,19,0,20,0,60.0,23,62.5,60.0,unavailable,unavailable,unavailable
2026-09-07T18:17:29,off,0,0,35,3181,61.3,72,2143,Healthy,On,in_progress,on,export,90.0,19,0,20,0,60.0,23,62.5,60.0,unavailable,unavailable,unavailable
2026-09-07T18:17:44,off,0,0,35,3181,61.3,72,2128,Healthy,On,in_progress,on,export,90.0,19,0,20,0,60.0,23,62.5,60.0,unavailable,unavailable,unavailable
2026-09-07T18:17:59,off,0,0,35,3181,61.3,72,2131,Healthy,On,in_progress,on,export,90.0,19,0,20,0,60.0,23,62.5,60.0,unavailable,unavailable,unavailable
2026-09-07T18:18:14,off,0,0,35,3181,61.3,72,2128,Healthy,On,in_progress,on,export,90.0,19,0,20,0,60.0,23,62.5,60.0,unavailable,unavailable,unavailable
2026-09-07T18:18:30,off,0,0,35,3181,61.3,72,2129,Healthy,On,in_progress,on,export,90.0,19,0,20,0,60.0,23,62.5,60.0,unavailable,unavailable,unavailable
2026-09-07T18:18:45,off,0,0,35,3181,61.3,72,2143,Healthy,On,in_progress,on,export,90.0,19,0,20,0,60.0,23,62.5,60.0,unavailable,unavailable,unavailable
2026-09-07T18:19:00,off,0,0,35,3181,61.3,72,2129,Healthy,On,in_progress,on,export,90.0,19,0,20,0,60.0,23,62.5,60.0,unavailable,unavailable,unavailable
2026-09-07T18:19:12,off,0,0,35,3176,61.2,72,2131,Healthy,On,in_progress,on,export,90.0,19,0,20,0,60.0,23,62.5,60.0,unavailable,unavailable,unavailable
2026-09-07T18:19:28,off,0,0,35,3176,61.2,72,2136,Healthy,On,in_progress,on,export,90.0,19,0,20,0,60.0,23,62.5,60.0,unavailable,unavailable,unavailable
2026-09-07T18:19:43,off,0,0,35,3181,61.3,72,2165,Healthy,On,in_progress,on,export,90.0,19,0,20,0,60.0,23,62.5,60.0,unavailable,unavailable,unavailable
2026-09-07T18:19:58,off,0,0,35,3181,61.3,72,2161,Healthy,On,in_progress,on,export,90.0,19,0,20,0,60.0,23,62.5,60.0,unavailable,unavailable,unavailable
2026-09-07T18:20:13,off,0,0,35,3176,61.2,72,2165,Healthy,On,in_progress,on,export,90.0,19,0,20,0,60.0,23,62.5,60.0,unavailable,unavailable,unavailable
2026-09-07T18:20:29,off,0,0,35,3176,61.2,72,2173,Healthy,On,in_progress,on,export,90.0,19,0,20,0,60.0,23,62.5,60.0,unavailable,unavailable,unavailable
2026-09-07T18:20:44,off,0,0,35,3186,61.4,71,2171,Healthy,On,in_progress,on,export,90.0,19,0,20,0,60.0,23,62.5,60.0,unavailable,unavailable,unavailable
2026-09-07T18:20:59,off,0,0,35,3181,61.3,71,2163,Healthy,On,in_progress,on,export,90.0,19,0,20,0,60.0,23,62.5,60.0,unavailable,unavailable,unavailable
2026-09-07T18:21:14,off,0,0,35,3181,61.3,71,2167,Healthy,On,in_progress,on,export,90.0,19,0,20,0,60.0,23,62.5,60.0,unavailable,unavailable,unavailable
2026-09-07T18:21:30,off,0,0,35,3181,61.3,71,2174,Healthy,On,in_progress,on,export,90.0,19,0,20,0,60.0,23,62.5,60.0,unavailable,unavailable,unavailable
2026-09-07T18:21:45,off,0,0,35,3181,61.3,71,2164,Healthy,On,in_progress,on,export,90.0,19,0,20,0,60.0,23,62.5,60.0,unavailable,unavailable,unavailable
2026-09-07T18:22:00,off,0,0,35,3181,61.3,71,2165,Healthy,On,in_progress,on,export,90.0,19,0,20,0,60.0,23,62.5,60.0,unavailable,unavailable,unavailable
2026-09-07T18:22:28,off,0,0,35,3186,61.4,71,2172,Healthy,On,in_progress,on,export,90.0,19,0,20,0,60.0,23,62.5,60.0,unavailable,unavailable,unavailable
2026-09-07T18:22:43,off,0,0,35,3181,61.3,71,2167,Healthy,On,in_progress,on,export,90.0,19,0,20,0,60.0,23,62.5,60.0,unavailable,unavailable,unavailable
2026-09-07T18:22:58,off,0,0,35,3181,61.3,71,2162,Healthy,On,in_progress,on,export,90.0,19,0,20,0,60.0,23,62.5,60.0,unavailable,unavailable,unavailable
2026-09-07T18:23:13,off,0,0,35,3186,61.4,71,2170,Healthy,On,in_progress,on,export,90.0,19,0,20,0,60.0,23,62.5,60.0,unavailable,unavailable,unavailable
2026-09-07T18:23:29,off,0,0,35,3181,61.3,71,2171,Healthy,On,in_progress,on,export,90.0,19,0,20,0,60.0,23,62.5,60.0,unavailable,unavailable,unavailable
2026-09-07T18:23:44,off,0,0,35,3181,61.3,71,2165,Healthy,On,in_progress,on,export,90.0,19,0,20,0,60.0,23,62.5,60.0,unavailable,unavailable,unavailable
2026-09-07T18:23:59,off,0,0,35,3181,61.3,71,2160,Healthy,On,in_progress,on,export,90.0,19,0,20,0,60.0,23,62.5,60.0,unavailable,unavailable,unavailable
2026-09-07T18:24:14,off,0,0,35,3186,61.4,71,2157,Healthy,On,in_progress,on,export,90.0,19,0,20,0,60.0,23,62.5,60.0,unavailable,unavailable,unavailable
2026-09-07T18:24:30,off,0,0,35,3181,61.3,71,2171,Healthy,On,in_progress,on,export,90.0,19,0,20,0,60.0,23,62.5,60.0,unavailable,unavailable,unavailable
2026-09-07T18:24:45,off,0,0,35,3181,61.3,71,2160,Healthy,On,in_progress,on,export,90.0,19,0,20,0,60.0,23,62.5,60.0,unavailable,unavailable,unavailable
2026-09-07T18:25:00,off,0,0,35,3181,61.3,71,2161,Healthy,On,in_progress,on,export,90.0,19,0,20,0,60.0,23,62.5,60.0,unavailable,unavailable,unavailable
2026-09-07T18:25:15,off,0,0,35,3181,61.3,71,2169,Healthy,On,in_progress,on,export,90.0,19,0,20,0,60.0,23,62.5,60.0,unavailable,unavailable,unavailable
2026-09-07T18:25:28,off,0,0,35,3181,61.3,71,2181,Healthy,On,in_progress,on,export,90.0,19,0,20,0,60.0,23,62.5,60.0,unavailable,unavailable,unavailable
2026-09-07T18:25:43,off,0,0,35,3181,61.3,71,2166,Healthy,On,in_progress,on,export,90.0,19,0,20,0,60.0,23,62.5,60.0,unavailable,unavailable,unavailable
2026-09-07T18:25:58,off,0,0,35,3191,61.5,71,2163,Healthy,On,in_progress,on,export,90.0,19,0,20,0,60.0,23,62.5,60.0,unavailable,unavailable,unavailable
2026-09-07T18:26:13,off,0,0,35,3186,61.4,70,2176,Healthy,On,in_progress,on,export,90.0,19,0,20,0,60.0,23,62.5,60.0,unavailable,unavailable,unavailable
2026-09-07T18:26:28,off,0,0,35,3181,61.3,70,2172,Healthy,On,in_progress,on,export,90.0,19,0,20,0,60.0,23,62.5,60.0,unavailable,unavailable,unavailable
2026-09-07T18:26:44,off,0,0,35,3181,61.3,70,2188,Healthy,On,in_progress,on,export,90.0,19,0,20,0,60.0,23,62.5,60.0,unavailable,unavailable,unavailable
2026-09-07T18:26:59,off,0,0,35,3191,61.5,70,2180,Healthy,On,in_progress,on,export,90.0,19,0,20,0,60.0,23,62.5,60.0,unavailable,unavailable,unavailable
2026-09-07T18:27:14,off,0,0,35,3181,61.3,70,2184,Healthy,On,in_progress,on,export,90.0,19,0,20,0,60.0,23,62.5,60.0,unavailable,unavailable,unavailable
2026-09-07T18:27:29,off,0,0,35,3181,61.3,70,2175,Healthy,On,in_progress,on,export,90.0,19,0,20,0,60.0,23,62.5,60.0,unavailable,unavailable,unavailable
2026-09-07T18:27:45,off,0,0,35,3191,61.5,70,2177,Healthy,On,in_progress,on,export,90.0,19,0,20,0,60.0,23,62.5,60.0,unavailable,unavailable,unavailable
2026-09-07T18:28:00,off,0,0,35,3181,61.3,70,2178,Healthy,On,in_progress,on,export,90.0,19,0,20,0,60.0,23,62.5,60.0,unavailable,unavailable,unavailable
2026-09-07T18:28:15,off,0,0,35,3181,61.3,70,2182,Healthy,On,in_progress,on,export,90.0,19,0,20,0,60.0,23,62.5,60.0,unavailable,unavailable,unavailable
2026-09-07T18:28:30,off,0,0,35,3181,61.3,70,2180,Healthy,On,in_progress,on,export,90.0,19,0,20,0,60.0,23,62.5,60.0,unavailable,unavailable,unavailable
2026-09-07T18:28:43,off,0,0,35,3186,61.4,70,2184,Healthy,On,in_progress,on,export,90.0,19,0,20,0,60.0,23,62.5,60.0,unavailable,unavailable,unavailable
2026-09-07T18:28:58,off,0,0,35,3181,61.3,70,2239,Healthy,On,in_progress,on,export,90.0,19,0,20,0,60.0,23,62.5,60.0,unavailable,unavailable,unavailable
2026-09-07T18:29:13,off,0,0,35,3181,61.3,70,2237,Healthy,On,in_progress,on,export,90.0,19,0,20,0,60.0,23,62.5,60.0,unavailable,unavailable,unavailable
2026-09-07T18:29:28,off,0,0,35,3181,61.3,70,2242,Healthy,On,in_progress,on,export,90.0,19,0,20,0,60.0,23,62.5,60.0,unavailable,unavailable,unavailable
2026-09-07T18:29:44,off,0,0,35,3181,61.3,70,2231,Healthy,On,in_progress,on,export,90.0,19,0,20,0,60.0,23,62.5,60.0,unavailable,unavailable,unavailable
2026-09-07T18:29:59,off,0,0,35,3181,61.3,70,2240,Healthy,On,in_progress,on,export,90.0,19,0,20,0,60.0,23,62.5,60.0,unavailable,unavailable,unavailable
2026-09-07T18:30:14,off,0,0,35,3181,61.3,70,2058,Healthy,On,in_progress,on,export,90.0,19,0,20,0,60.0,23,62.5,60.0,unavailable,unavailable,unavailable
2026-09-07T18:30:29,off,0,0,35,3181,61.3,70,2067,Healthy,On,in_progress,on,export,90.0,19,0,20,0,60.0,23,62.5,60.0,unavailable,unavailable,unavailable
2026-09-07T18:31:00,off,0,0,35,3191,61.5,70,2079,Healthy,On,in_progress,on,export,90.0,19,0,20,0,60.0,23,62.5,60.0,unavailable,unavailable,unavailable
2026-09-07T18:31:15,off,0,0,35,3181,61.3,70,2075,Healthy,On,in_progress,on,export,90.0,19,0,20,0,60.0,23,62.5,60.0,unavailable,unavailable,unavailable
2026-09-07T18:31:30,off,0,0,35,3186,61.4,70,2090,Healthy,On,in_progress,on,export,90.0,19,0,20,0,60.0,23,62.5,60.0,unavailable,unavailable,unavailable
2026-09-07T18:31:46,off,0,0,35,3181,61.3,69,2081,Healthy,On,in_progress,on,export,90.0,19,0,20,0,60.0,23,62.5,60.0,unavailable,unavailable,unavailable
2026-09-07T18:31:58,off,0,0,35,3181,61.3,69,2093,Healthy,On,in_progress,on,export,90.0,19,0,20,0,60.0,23,62.5,60.0,unavailable,unavailable,unavailable
2026-09-07T18:32:13,off,0,0,35,3186,61.4,69,2106,Healthy,On,in_progress,on,export,90.0,19,0,20,0,60.0,23,62.5,60.0,unavailable,unavailable,unavailable
2026-09-07T18:32:28,off,0,0,35,3181,61.3,69,2106,Healthy,On,in_progress,on,export,90.0,19,0,20,0,60.0,23,62.5,60.0,unavailable,unavailable,unavailable
2026-09-07T18:32:43,off,0,0,35,3181,61.3,69,2105,Healthy,On,in_progress,on,export,90.0,19,0,20,0,60.0,23,62.5,60.0,unavailable,unavailable,unavailable
2026-09-07T18:32:59,off,0,0,35,3181,61.3,69,2101,Healthy,On,in_progress,on,export,90.0,19,0,20,0,60.0,23,62.5,60.0,unavailable,unavailable,unavailable
2026-09-07T18:33:14,off,0,0,35,3181,61.3,69,2103,Healthy,On,in_progress,on,export,90.0,19,0,20,0,60.0,23,62.5,60.0,unavailable,unavailable,unavailable
2026-09-07T18:33:29,off,0,0,35,3191,61.5,69,2102,Healthy,On,in_progress,on,export,90.0,19,0,20,0,60.0,23,62.5,60.0,unavailable,unavailable,unavailable
2026-09-07T18:33:44,off,0,0,35,3186,61.4,69,2088,Healthy,On,in_progress,on,export,90.0,19,0,20,0,60.0,23,62.5,60.0,unavailable,unavailable,unavailable
2026-09-07T18:34:00,off,0,0,35,3181,61.3,69,2100,Healthy,On,in_progress,on,export,90.0,19,0,20,0,60.0,23,62.5,60.0,unavailable,unavailable,unavailable
2026-09-07T18:34:15,off,0,0,35,3186,61.4,69,2097,Healthy,On,in_progress,on,export,90.0,19,0,20,0,60.0,23,62.5,60.0,unavailable,unavailable,unavailable
2026-09-07T18:34:30,off,0,0,35,3186,61.4,69,2111,Healthy,On,in_progress,on,export,90.0,19,0,20,0,60.0,23,62.5,60.0,unavailable,unavailable,unavailable
2026-09-07T18:34:45,off,0,0,35,3186,61.4,69,2108,Healthy,On,in_progress,on,export,90.0,19,0,20,0,60.0,23,62.5,60.0,unavailable,unavailable,unavailable
2026-09-07T18:34:58,off,0,0,35,3181,61.3,69,2017,Healthy,On,in_progress,on,export,90.0,19,0,20,0,60.0,23,62.5,60.0,unavailable,unavailable,unavailable
2026-09-07T18:35:13,off,0,0,35,3186,61.4,69,2027,Healthy,On,in_progress,on,export,90.0,19,0,20,0,60.0,23,62.5,60.0,unavailable,unavailable,unavailable
2026-09-07T18:35:28,off,0,0,35,3181,61.3,69,2041,Healthy,On,in_progress,on,export,90.0,19,0,20,0,60.0,23,62.5,60.0,unavailable,unavailable,unavailable
2026-09-07T18:35:43,off,0,0,35,3181,61.3,69,2027,Healthy,On,in_progress,on,export,90.0,19,0,20,0,60.0,23,62.5,60.0,unavailable,unavailable,unavailable
2026-09-07T18:35:59,off,0,0,35,3186,61.4,69,2042,Healthy,On,in_progress,on,export,90.0,19,0,20,0,60.0,23,62.5,60.0,unavailable,unavailable,unavailable
2026-09-07T18:36:14,off,0,0,35,3191,61.5,69,2040,Healthy,On,in_progress,on,export,90.0,19,0,20,0,60.0,23,62.5,60.0,unavailable,unavailable,unavailable
2026-09-07T18:36:29,off,0,0,35,3186,61.4,69,1851,Healthy,On,in_progress,on,export,90.0,19,0,20,0,60.0,23,62.5,60.0,unavailable,unavailable,unavailable
2026-09-07T18:36:44,off,0,0,35,3186,61.4,69,1848,Healthy,On,in_progress,on,export,90.0,19,0,20,0,60.0,23,62.5,60.0,unavailable,unavailable,unavailable
2026-09-07T18:36:59,off,0,0,35,3181,61.3,68,1848,Healthy,On,in_progress,on,export,90.0,19,0,20,0,60.0,23,62.5,60.0,unavailable,unavailable,unavailable
2026-09-07T18:37:15,off,0,0,35,3181,61.3,68,1852,Healthy,On,in_progress,on,export,90.0,19,0,20,0,60.0,23,62.5,60.0,unavailable,unavailable,unavailable
2026-09-07T18:37:30,off,0,0,35,3181,61.3,68,1864,Healthy,On,in_progress,on,export,90.0,19,0,20,0,60.0,23,62.5,60.0,unavailable,unavailable,unavailable
2026-09-07T18:37:45,off,0,0,35,3181,61.3,68,1857,Healthy,On,in_progress,on,export,90.0,19,0,20,0,60.0,23,62.5,60.0,unavailable,unavailable,unavailable
2026-09-07T18:38:00,off,0,0,35,3181,61.3,68,1852,Healthy,On,in_progress,on,export,90.0,19,0,20,0,60.0,23,62.5,60.0,unavailable,unavailable,unavailable
2026-09-07T18:38:13,off,0,0,35,3181,61.3,68,1855,Healthy,On,in_progress,on,export,90.0,19,0,20,0,60.0,23,62.5,60.0,unavailable,unavailable,unavailable
2026-09-07T18:38:28,off,0,0,35,3181,61.3,68,1864,Healthy,On,in_progress,on,export,90.0,19,0,20,0,60.0,23,62.5,60.0,unavailable,unavailable,unavailable
2026-09-07T18:38:43,off,0,0,35,3191,61.5,68,1861,Healthy,On,in_progress,on,export,90.0,19,0,20,0,60.0,23,62.5,60.0,unavailable,unavailable,unavailable
2026-09-07T18:38:58,off,0,0,35,3181,61.3,68,1852,Healthy,On,in_progress,on,export,90.0,19,0,20,0,60.0,23,62.5,60.0,unavailable,unavailable,unavailable
2026-09-07T18:39:14,off,0,0,35,3181,61.3,68,1861,Healthy,On,in_progress,on,export,90.0,19,0,20,0,60.0,23,62.5,60.0,unavailable,unavailable,unavailable
2026-09-07T18:39:29,off,0,0,35,3181,61.3,68,1855,Healthy,On,in_progress,on,export,90.0,19,0,20,0,60.0,23,62.5,60.0,unavailable,unavailable,unavailable
2026-09-07T18:39:44,off,0,0,35,3191,61.5,68,1855,Healthy,On,in_progress,on,export,90.0,19,0,20,0,60.0,23,62.5,60.0,unavailable,unavailable,unavailable
2026-09-07T18:39:59,off,0,0,35,3181,61.3,68,1863,Healthy,On,in_progress,on,export,90.0,19,0,20,0,60.0,23,62.5,60.0,unavailable,unavailable,unavailable
2026-09-07T18:40:15,off,0,0,35,3181,61.3,68,1862,Healthy,On,in_progress,on,export,90.0,19,0,20,0,60.0,23,62.5,60.0,unavailable,unavailable,unavailable
2026-09-07T18:40:30,off,0,0,35,3191,61.5,68,1862,Healthy,On,in_progress,on,export,90.0,19,0,20,0,60.0,23,62.5,60.0,unavailable,unavailable,unavailable
2026-09-07T18:40:45,off,0,0,35,3181,61.3,68,1868,Healthy,On,in_progress,on,export,90.0,19,0,20,0,60.0,23,62.5,60.0,unavailable,unavailable,unavailable
2026-09-07T18:41:00,off,0,0,35,3181,61.3,68,1865,Healthy,On,in_progress,on,export,90.0,19,0,20,0,60.0,23,62.5,60.0,unavailable,unavailable,unavailable
2026-09-07T18:41:16,off,0,0,35,3186,61.4,68,1866,Healthy,On,in_progress,on,export,90.0,19,0,20,0,60.0,23,62.5,60.0,unavailable,unavailable,unavailable
2026-09-07T18:41:28,off,0,0,35,3181,61.3,68,1867,Healthy,On,in_progress,on,export,90.0,19,0,20,0,60.0,23,62.5,60.0,unavailable,unavailable,unavailable
2026-09-07T18:41:43,off,0,0,35,3191,61.5,68,1862,Healthy,On,in_progress,on,export,90.0,19,0,20,0,60.0,23,62.5,60.0,unavailable,unavailable,unavailable
2026-09-07T18:41:58,off,0,0,35,3181,61.3,68,1867,Healthy,On,in_progress,on,export,90.0,19,0,20,0,60.0,23,62.5,60.0,unavailable,unavailable,unavailable
2026-09-07T18:42:14,off,0,0,35,3181,61.3,68,1871,Healthy,On,in_progress,on,export,90.0,19,0,20,0,60.0,23,62.5,60.0,unavailable,unavailable,unavailable
2026-09-07T18:42:29,off,0,0,35,3186,61.4,67,1861,Healthy,On,in_progress,on,export,90.0,19,0,20,0,60.0,23,62.5,60.0,unavailable,unavailable,unavailable
2026-09-07T18:42:44,off,0,0,35,3181,61.3,67,1846,Healthy,On,in_progress,on,export,90.0,19,0,20,0,60.0,23,62.5,60.0,unavailable,unavailable,unavailable
2026-09-07T18:42:59,off,0,0,35,3186,61.4,67,1869,Healthy,On,in_progress,on,export,90.0,19,0,20,0,60.0,23,62.5,60.0,unavailable,unavailable,unavailable
2026-09-07T18:43:14,off,0,0,35,3181,61.3,67,1874,Healthy,On,in_progress,on,export,90.0,19,0,20,0,60.0,23,62.5,60.0,unavailable,unavailable,unavailable
2026-09-07T18:43:30,off,0,0,35,3191,61.5,67,1866,Healthy,On,in_progress,on,export,90.0,19,0,20,0,60.0,23,62.5,60.0,unavailable,unavailable,unavailable
2026-09-07T18:43:45,off,0,0,35,3186,61.4,67,1867,Healthy,On,in_progress,on,export,90.0,19,0,20,0,60.0,23,62.5,60.0,unavailable,unavailable,unavailable
2026-09-07T18:44:00,off,0,0,35,3181,61.3,67,1870,Healthy,On,in_progress,on,export,90.0,19,0,20,0,60.0,23,62.5,60.0,unavailable,unavailable,unavailable
2026-09-07T18:44:15,off,0,0,35,3191,61.5,67,1854,Healthy,On,in_progress,on,export,90.0,19,0,20,0,60.0,23,62.5,60.0,unavailable,unavailable,unavailable
2026-09-07T18:44:28,off,0,0,35,3186,61.4,67,1861,Healthy,On,in_progress,on,export,90.0,19,0,20,0,60.0,23,62.5,60.0,unavailable,unavailable,unavailable
2026-09-07T18:44:43,off,0,0,35,3191,61.5,67,1872,Healthy,On,in_progress,on,export,90.0,19,0,20,0,60.0,23,62.5,60.0,unavailable,unavailable,unavailable
2026-09-07T18:44:58,off,0,0,35,3186,61.4,67,1868,Healthy,On,in_progress,on,export,90.0,19,0,20,0,60.0,23,62.5,60.0,unavailable,unavailable,unavailable
2026-09-07T18:45:13,off,0,0,35,3186,61.4,67,1880,Healthy,On,in_progress,on,export,90.0,19,0,20,0,60.0,23,62.5,60.0,unavailable,unavailable,unavailable
2026-09-07T18:45:29,off,0,0,35,3186,61.4,67,1858,Healthy,On,in_progress,on,export,90.0,19,0,20,0,60.0,23,62.5,60.0,unavailable,unavailable,unavailable
2026-09-07T18:45:44,off,0,0,35,3186,61.4,67,2043,Healthy,On,in_progress,on,export,90.0,19,0,20,0,60.0,23,62.5,60.0,unavailable,unavailable,unavailable
2026-09-07T18:45:59,off,0,0,35,3186,61.4,67,2044,Healthy,On,in_progress,on,export,90.0,19,0,20,0,60.0,23,62.5,60.0,unavailable,unavailable,unavailable
2026-09-07T18:46:14,off,0,0,35,3186,61.4,67,2049,Healthy,On,in_progress,on,export,90.0,19,0,20,0,60.0,23,62.5,60.0,unavailable,unavailable,unavailable
2026-09-07T18:46:30,off,0,0,35,3186,61.4,67,2101,Healthy,On,in_progress,on,export,90.0,19,0,20,0,60.0,23,62.5,60.0,unavailable,unavailable,unavailable
2026-09-07T18:46:45,off,0,0,35,3186,61.4,67,2108,Healthy,On,in_progress,on,export,90.0,19,0,20,0,60.0,23,62.5,60.0,unavailable,unavailable,unavailable
2026-09-07T18:47:00,off,0,0,35,3186,61.4,67,2104,Healthy,On,in_progress,on,export,90.0,19,0,20,0,60.0,23,62.5,60.0,unavailable,unavailable,unavailable
2026-09-07T18:47:15,off,0,0,35,3186,61.4,67,2109,Healthy,On,in_progress,on,export,90.0,19,0,20,0,60.0,23,62.5,60.0,unavailable,unavailable,unavailable
2026-09-07T18:47:31,off,0,0,35,3186,61.4,67,2105,Healthy,On,in_progress,on,export,90.0,19,0,20,0,60.0,23,62.5,60.0,unavailable,unavailable,unavailable
2026-09-07T18:47:43,off,0,0,35,3186,61.4,67,2109,Healthy,On,in_progress,on,export,90.0,19,0,20,0,60.0,23,62.5,60.0,unavailable,unavailable,unavailable
2026-09-07T18:47:58,off,0,0,35,3186,61.4,66,2107,Healthy,On,in_progress,on,export,90.0,19,0,20,0,60.0,23,62.5,60.0,unavailable,unavailable,unavailable
2026-09-07T18:48:13,off,0,0,35,3191,61.5,66,2114,Healthy,On,in_progress,on,export,90.0,19,0,20,0,60.0,23,62.5,60.0,unavailable,unavailable,unavailable
2026-09-07T18:48:28,off,0,0,35,3191,61.5,66,2103,Healthy,On,in_progress,on,export,90.0,19,0,20,0,60.0,23,62.5,60.0,unavailable,unavailable,unavailable
2026-09-07T18:48:44,off,0,0,35,3186,61.4,66,2107,Healthy,On,in_progress,on,export,90.0,19,0,20,0,60.0,23,62.5,60.0,unavailable,unavailable,unavailable
2026-09-07T18:48:59,off,0,0,35,3186,61.4,66,2100,Healthy,On,in_progress,on,export,90.0,19,0,20,0,60.0,23,62.5,60.0,unavailable,unavailable,unavailable
2026-09-07T18:49:14,off,0,0,35,3186,61.4,66,2103,Healthy,On,in_progress,on,export,90.0,19,0,20,0,60.0,23,62.5,60.0,unavailable,unavailable,unavailable
2026-09-07T18:49:29,off,0,0,35,3186,61.4,66,2105,Healthy,On,in_progress,on,export,90.0,19,0,20,0,60.0,23,62.5,60.0,unavailable,unavailable,unavailable
2026-09-07T18:49:45,off,0,0,35,3191,61.5,66,2107,Healthy,On,in_progress,on,export,90.0,19,0,20,0,60.0,23,62.5,60.0,unavailable,unavailable,unavailable
2026-09-07T18:50:00,off,0,0,35,3186,61.4,66,2114,Healthy,On,in_progress,on,export,90.0,19,0,20,0,60.0,23,62.5,60.0,unavailable,unavailable,unavailable
2026-09-07T18:50:15,off,0,0,35,3186,61.4,66,2099,Healthy,On,in_progress,on,export,90.0,19,0,20,0,60.0,23,62.5,60.0,unavailable,unavailable,unavailable
2026-09-07T18:50:30,off,0,0,35,3186,61.4,66,2095,Healthy,On,in_progress,on,export,90.0,19,0,20,0,60.0,23,62.5,60.0,unavailable,unavailable,unavailable
2026-09-07T18:50:46,off,0,0,35,3186,61.4,66,2107,Healthy,On,in_progress,on,export,90.0,19,0,20,0,60.0,23,62.5,60.0,unavailable,unavailable,unavailable
2026-09-07T18:50:58,off,0,0,35,3186,61.4,66,2103,Healthy,On,in_progress,on,export,90.0,19,0,20,0,60.0,23,62.5,60.0,unavailable,unavailable,unavailable
2026-09-07T18:51:13,off,0,0,35,3186,61.4,66,2115,Healthy,On,in_progress,on,export,90.0,19,0,20,0,60.0,23,62.5,60.0,unavailable,unavailable,unavailable
2026-09-07T18:51:28,off,0,0,35,3186,61.4,66,2110,Healthy,On,in_progress,on,export,90.0,19,0,20,0,60.0,23,62.5,60.0,unavailable,unavailable,unavailable
2026-09-07T18:51:43,off,0,0,35,3191,61.5,66,2110,Healthy,On,in_progress,on,export,90.0,19,0,20,0,60.0,23,62.5,60.0,unavailable,unavailable,unavailable
2026-09-07T18:51:59,off,0,0,35,3186,61.4,66,2114,Healthy,On,in_progress,on,export,90.0,19,0,20,0,60.0,23,62.5,60.0,unavailable,unavailable,unavailable
2026-09-07T18:52:14,off,0,0,35,3191,61.5,66,2018,Healthy,On,in_progress,on,export,90.0,19,0,20,0,60.0,23,62.5,60.0,unavailable,unavailable,unavailable
2026-09-07T18:52:29,off,0,0,35,3181,61.3,66,1931,Healthy,On,in_progress,on,export,90.0,19,0,20,0,60.0,23,62.5,60.0,unavailable,unavailable,unavailable
2026-09-07T18:52:44,off,0,0,35,3181,61.3,66,1927,Healthy,On,in_progress,on,export,90.0,19,0,20,0,60.0,23,62.5,60.0,unavailable,unavailable,unavailable
2026-09-07T18:53:00,off,0,0,35,3181,61.3,66,1943,Healthy,On,in_progress,on,export,90.0,19,0,20,0,60.0,23,62.5,60.0,unavailable,unavailable,unavailable
2026-09-07T18:53:15,off,0,0,35,3186,61.4,65,1943,Healthy,On,in_progress,on,export,90.0,19,0,20,0,60.0,23,62.5,60.0,unavailable,unavailable,unavailable
2026-09-07T18:53:30,off,0,0,35,3191,61.5,65,2039,Healthy,On,in_progress,on,export,90.0,19,0,20,0,60.0,23,62.5,60.0,unavailable,unavailable,unavailable
2026-09-07T18:53:45,off,0,0,35,3186,61.4,65,2043,Healthy,On,in_progress,on,export,90.0,19,0,20,0,60.0,23,62.5,60.0,unavailable,unavailable,unavailable
2026-09-07T18:53:58,off,0,0,35,3191,61.5,65,2044,Healthy,On,in_progress,on,export,90.0,19,0,20,0,60.0,23,62.5,60.0,unavailable,unavailable,unavailable
2026-09-07T18:54:13,off,0,0,35,3186,61.4,65,2054,Healthy,On,in_progress,on,export,90.0,19,0,20,0,60.0,23,62.5,60.0,unavailable,unavailable,unavailable
2026-09-07T18:54:28,off,0,0,35,3191,61.5,65,2046,Healthy,On,in_progress,on,export,90.0,19,0,20,0,60.0,23,62.5,60.0,unavailable,unavailable,unavailable
2026-09-07T18:54:43,off,0,0,35,3191,61.5,65,2045,Healthy,On,in_progress,on,export,90.0,19,0,20,0,60.0,23,62.5,60.0,unavailable,unavailable,unavailable
2026-09-07T18:54:59,off,0,0,35,3181,61.3,65,2037,Healthy,On,in_progress,on,export,90.0,19,0,20,0,60.0,23,62.5,60.0,unavailable,unavailable,unavailable
2026-09-07T18:55:14,off,0,0,35,3186,61.4,65,2050,Healthy,On,in_progress,on,export,90.0,19,0,20,0,60.0,23,62.5,60.0,unavailable,unavailable,unavailable
2026-09-07T18:55:29,off,0,0,35,3186,61.4,65,2041,Healthy,On,in_progress,on,export,90.0,19,0,20,0,60.0,23,62.5,60.0,unavailable,unavailable,unavailable
2026-09-07T18:55:44,off,0,0,35,3181,61.3,65,2041,Healthy,On,in_progress,on,export,90.0,19,0,20,0,60.0,23,62.5,60.0,unavailable,unavailable,unavailable
2026-09-07T18:55:59,off,0,0,35,3181,61.3,65,2049,Healthy,On,in_progress,on,export,90.0,19,0,20,0,60.0,23,62.5,60.0,unavailable,unavailable,unavailable
2026-09-07T18:56:15,off,0,0,35,3181,61.3,65,2048,Healthy,On,in_progress,on,export,90.0,19,0,20,0,60.0,23,62.5,60.0,unavailable,unavailable,unavailable
2026-09-07T18:56:30,off,0,0,35,3186,61.4,65,2039,Healthy,On,in_progress,on,export,90.0,19,0,20,0,60.0,23,62.5,60.0,unavailable,unavailable,unavailable
2026-09-07T18:56:45,off,0,0,35,3191,61.5,65,2043,Healthy,On,in_progress,on,export,90.0,19,0,20,0,60.0,23,62.5,60.0,unavailable,unavailable,unavailable
2026-09-07T18:57:00,off,0,0,35,3186,61.4,65,2050,Healthy,On,in_progress,on,export,90.0,19,0,20,0,60.0,23,62.5,60.0,unavailable,unavailable,unavailable
2026-09-07T18:57:28,off,0,0,35,3191,61.5,65,2035,Healthy,On,in_progress,on,export,90.0,19,0,20,0,60.0,23,62.5,60.0,unavailable,unavailable,unavailable
2026-09-07T18:57:43,off,0,0,35,3186,61.4,65,2039,Healthy,On,in_progress,on,export,90.0,19,0,20,0,60.0,23,62.5,60.0,unavailable,unavailable,unavailable
2026-09-07T18:57:58,off,0,0,35,3186,61.4,65,2044,Healthy,On,in_progress,on,export,90.0,19,0,20,0,60.0,23,62.5,60.0,unavailable,unavailable,unavailable
2026-09-07T18:58:14,off,0,0,35,3181,61.3,65,2042,Healthy,On,in_progress,on,export,90.0,19,0,20,0,60.0,23,62.5,60.0,unavailable,unavailable,unavailable
2026-09-07T18:58:29,off,0,0,35,3186,61.4,65,2037,Healthy,On,in_progress,on,export,90.0,19,0,20,0,60.0,23,62.5,60.0,unavailable,unavailable,unavailable
2026-09-07T18:58:44,off,0,0,35,3191,61.5,64,2049,Healthy,On,in_progress,on,export,90.0,19,0,20,0,60.0,23,62.5,60.0,unavailable,unavailable,unavailable
2026-09-07T18:58:59,off,0,0,35,3186,61.4,64,2048,Healthy,On,in_progress,on,export,90.0,19,0,20,0,60.0,23,62.5,60.0,unavailable,unavailable,unavailable
2026-09-07T18:59:15,off,0,0,35,3186,61.4,64,2020,Healthy,On,in_progress,on,export,90.0,19,0,20,0,60.0,23,62.5,60.0,unavailable,unavailable,unavailable
2026-09-07T18:59:30,off,0,0,35,3191,61.5,64,2037,Healthy,On,in_progress,on,export,90.0,19,0,20,0,60.0,23,62.5,60.0,unavailable,unavailable,unavailable
2026-09-07T18:59:45,off,0,0,35,1406,26.9,64,1391,Healthy,On,in_progress,on,export,90.0,19,0,20,0,60.0,23,62.5,60.0,unavailable,unavailable,unavailable
2026-09-07T19:00:00,off,0,0,35,922,17.6,64,-1,Healthy,On,in_progress,on,export,90.0,19,0,20,0,60.0,23,62.5,60.0,unavailable,unavailable,unavailable
2026-09-07T19:00:09,off,0,0,35,922,17.6,64,-1,Healthy,On,unknown,off,unknown,90.0,19,0,20,0,60.0,23,62.5,60.0,unavailable,unavailable,unavailable
2026-09-07T19:00:16,off,0,0,35,960,18.3,64,20,Healthy,On,unknown,off,unknown,90.0,19,0,20,0,60.0,23,62.5,60.0,unavailable,unavailable,unavailable
2026-09-07T19:00:28,off,0,0,35,934,17.8,64,-1,Healthy,On,unknown,off,unknown,90.0,19,0,20,0,60.0,23,62.5,60.0,unavailable,unavailable,unavailable
2026-09-07T19:00:43,off,0,0,35,934,17.8,64,12,Healthy,On,unknown,off,unknown,90.0,19,0,20,0,60.0,23,62.5,60.0,unavailable,unavailable,unavailable
2026-09-07T19:00:58,off,0,0,35,934,17.8,64,1,Healthy,On,unknown,off,unknown,90.0,19,0,20,0,60.0,23,62.5,60.0,unavailable,unavailable,unavailable
2026-09-07T19:01:13,off,0,0,35,939,17.9,64,4,Healthy,On,unknown,off,unknown,90.0,19,0,20,0,60.0,23,62.5,60.0,unavailable,unavailable,unavailable
2026-09-07T19:01:29,off,0,0,35,929,17.7,64,-1,Healthy,On,unknown,off,unknown,90.0,19,0,20,0,60.0,23,62.5,60.0,unavailable,unavailable,unavailable
2026-09-07T19:01:44,off,0,0,35,945,18.0,64,11,Healthy,On,unknown,off,unknown,90.0,19,0,20,0,60.0,23,62.5,60.0,unavailable,unavailable,unavailable
2026-09-07T19:01:59,off,0,0,35,929,17.7,64,-1,Healthy,On,unknown,off,unknown,90.0,19,0,20,0,60.0,23,62.5,60.0,unavailable,unavailable,unavailable
2026-09-07T19:02:14,off,0,0,35,929,17.7,64,3,Healthy,On,unknown,off,unknown,90.0,19,0,20,0,60.0,23,62.5,60.0,unavailable,unavailable,unavailable
2026-09-07T19:02:30,off,0,0,35,929,17.7,64,8,Healthy,On,unknown,off,unknown,90.0,19,0,20,0,60.0,23,62.5,60.0,unavailable,unavailable,unavailable
2026-09-07T19:02:45,off,0,0,35,945,18.0,64,8,Healthy,On,unknown,off,unknown,90.0,19,0,20,0,60.0,23,62.5,60.0,unavailable,unavailable,unavailable
2026-09-07T19:03:00,off,0,0,35,888,16.9,64,22,Healthy,On,unknown,off,unknown,90.0,19,0,20,0,60.0,23,62.5,60.0,unavailable,unavailable,unavailable
2026-09-07T19:03:15,off,0,0,35,873,16.6,64,-3,Healthy,On,unknown,off,unknown,90.0,19,0,20,0,60.0,23,62.5,60.0,unavailable,unavailable,unavailable
