time,rc_on,rc_w,rc_to,mode,batt_w,batt_a,soc,grid_w,health,pwr_sw,axle
2026-09-07T16:22:11,off,0,0,35,880,16.7,80,-99,Healthy,On,upcoming
2026-09-07T16:22:13,off,0,0,35,911,17.3,80,-4,Healthy,On,upcoming
2026-09-07T16:22:28,off,0,0,35,953,18.1,80,41,Healthy,On,upcoming
2026-09-07T16:22:44,off,0,0,35,964,18.3,80,71,Healthy,On,upcoming
2026-09-07T16:22:58,off,0,0,35,1127,21.4,80,214,Healthy,On,upcoming
2026-09-07T16:23:13,off,0,0,35,1017,19.3,80,-30,Healthy,On,upcoming
2026-09-07T16:23:29,off,0,0,35,959,18.2,80,-43,Healthy,On,upcoming
2026-09-07T16:23:43,off,0,0,35,1038,19.7,80,-239,Healthy,On,upcoming
2026-09-07T16:23:58,off,0,0,35,1022,19.4,80,64,Healthy,On,upcoming
2026-09-07T16:24:14,off,0,0,35,1262,24.0,80,179,Healthy,On,upcoming
2026-09-07T16:24:28,off,0,0,35,1001,19.0,80,-81,Healthy,On,upcoming
2026-09-07T16:24:43,off,0,0,35,1130,21.5,80,119,Healthy,On,upcoming
2026-09-07T16:24:59,off,0,0,35,1088,20.7,80,-1194,Healthy,On,upcoming
2026-09-07T16:25:13,off,0,0,35,1246,23.7,80,-5,Healthy,On,upcoming
2026-09-07T16:25:28,off,0,0,35,1172,22.3,80,-28,Healthy,On,upcoming
2026-09-07T16:25:44,off,0,0,35,1220,23.2,80,173,Healthy,On,upcoming
2026-09-07T16:25:54,on,0,0,35,1220,23.2,80,173,Healthy,On,upcoming
2026-09-07T16:25:58,off,0,0,35,1146,21.8,80,126,Healthy,On,upcoming
2026-09-07T16:26:13,off,0,0,35,1104,21.0,80,17,Healthy,On,upcoming
2026-09-07T16:26:27,off,0,0,35,1183,22.5,80,-13,Healthy,On,upcoming
2026-09-07T16:26:43,off,0,0,35,1167,22.2,80,15,Healthy,On,upcoming
2026-09-07T16:26:58,off,0,0,35,1151,21.9,80,-60,Healthy,On,upcoming
2026-09-07T16:27:12,off,0,0,35,1262,24.0,80,-140,Healthy,On,upcoming
2026-09-07T16:27:29,off,0,0,35,1283,24.4,80,-42,Healthy,On,upcoming
2026-09-07T16:27:43,off,0,0,35,1251,23.8,80,-25,Healthy,On,upcoming
2026-09-07T16:27:45,on,0,0,35,1251,23.8,80,-25,Healthy,On,upcoming
2026-09-07T16:27:57,on,0,0,35,1230,23.4,80,-3,Healthy,On,upcoming
2026-09-07T16:28:01,off,0,0,35,1230,23.4,80,-3,Healthy,On,upcoming
2026-09-07T16:28:14,off,0,0,35,1230,23.4,80,9,Healthy,On,upcoming
2026-09-07T16:28:28,off,0,0,35,1151,21.9,79,-36,Healthy,On,upcoming
2026-09-07T16:28:42,off,0,0,35,1357,25.8,79,106,Healthy,On,upcoming
2026-09-07T16:28:59,off,0,0,35,1341,25.5,79,107,Healthy,On,upcoming
2026-09-07T16:29:13,off,0,0,35,1293,24.6,79,-22,Healthy,On,upcoming
2026-09-07T16:29:27,off,0,0,35,1278,24.3,79,-72,Healthy,On,upcoming
2026-09-07T16:29:44,off,0,0,35,1052,20.0,79,-180,Healthy,On,upcoming
2026-09-07T16:29:58,off,0,0,35,1088,20.7,79,-42,Healthy,On,upcoming
2026-09-07T16:30:12,off,0,0,35,994,18.9,79,13,Healthy,On,upcoming
2026-09-07T16:30:29,off,0,0,35,1115,21.2,79,-26,Healthy,On,upcoming
2026-09-07T16:30:43,off,0,0,35,1225,23.3,79,-9,Healthy,On,upcoming
2026-09-07T16:30:57,off,0,0,35,1167,22.2,79,-51,Healthy,On,upcoming
2026-09-07T16:31:14,off,0,0,35,1141,21.7,79,-55,Healthy,On,upcoming
2026-09-07T16:31:16,off,1500,0,35,1141,21.7,79,-55,Healthy,On,upcoming
2026-09-07T16:31:28,off,1500,0,35,988,18.8,79,88,Healthy,On,upcoming
2026-09-07T16:31:42,off,1500,0,35,1109,21.1,79,-26,Healthy,On,upcoming
2026-09-07T16:31:47,off,1500,5,35,1109,21.1,79,-26,Healthy,On,upcoming
2026-09-07T16:31:59,off,1500,5,35,1046,19.9,79,38,Healthy,On,upcoming
2026-09-07T16:32:13,off,1500,5,35,1067,20.3,79,32,Healthy,On,upcoming
2026-09-07T16:32:27,off,1500,5,35,1041,19.8,79,-38,Healthy,On,upcoming
2026-09-07T16:32:44,off,1500,5,35,1109,21.1,79,70,Healthy,On,upcoming
2026-09-07T16:32:46,on,1500,5,35,1109,21.1,79,70,Healthy,On,upcoming
2026-09-07T16:32:50,off,1500,5,35,1109,21.1,79,70,Healthy,On,upcoming
2026-09-07T16:32:58,off,1500,5,35,962,18.3,79,-112,Healthy,On,upcoming
2026-09-07T16:33:13,off,1500,5,35,1078,20.5,79,36,Healthy,On,upcoming
2026-09-07T16:33:29,off,1500,5,35,1067,20.3,79,-11,Healthy,On,upcoming
2026-09-07T16:33:43,off,1500,5,35,848,16.1,79,161,Healthy,On,upcoming
2026-09-07T16:33:58,off,1500,5,35,737,14.0,79,-96,Healthy,On,upcoming
2026-09-07T16:34:14,off,1500,5,35,843,16.0,79,84,Healthy,On,upcoming
2026-09-07T16:34:28,off,1500,5,35,874,16.6,79,-272,Healthy,On,upcoming
2026-09-07T16:34:43,off,1500,5,35,816,15.5,79,-128,Healthy,On,upcoming
2026-09-07T16:34:59,off,1500,5,35,790,15.0,79,32,Healthy,On,upcoming
2026-09-07T16:35:13,off,1500,5,35,811,15.4,79,-125,Healthy,On,upcoming
2026-09-07T16:35:28,off,1500,5,35,758,14.4,79,57,Healthy,On,upcoming
2026-09-07T16:35:44,off,1500,5,35,758,14.4,79,-65,Healthy,On,upcoming
2026-09-07T16:35:58,off,1500,5,35,779,14.8,79,0,Healthy,On,upcoming
2026-09-07T16:36:07,on,1500,5,35,779,14.8,79,0,Healthy,On,upcoming
2026-09-07T16:36:13,on,1500,5,35,885,16.8,79,184,Healthy,On,upcoming
2026-09-07T16:36:29,on,1500,5,35,927,17.6,79,208,Healthy,On,upcoming
2026-09-07T16:36:43,on,1500,5,35,753,14.3,79,12,Healthy,On,upcoming
2026-09-07T16:36:58,on,1500,5,35,669,12.7,79,-116,Healthy,On,upcoming
2026-09-07T16:37:14,on,1500,5,35,743,14.1,79,93,Healthy,On,upcoming
2026-09-07T16:37:28,on,1500,5,35,737,14.0,79,-3,Healthy,On,upcoming
2026-09-07T16:37:43,on,1500,5,35,774,14.7,79,48,Healthy,On,upcoming
2026-09-07T16:37:59,on,1500,5,35,721,13.7,79,-39,Healthy,On,upcoming
2026-09-07T16:38:13,on,1500,5,35,721,13.7,79,-13,Healthy,On,upcoming
2026-09-07T16:38:28,on,1500,5,35,785,14.9,79,110,Healthy,On,upcoming
2026-09-07T16:38:44,on,1500,5,35,721,13.7,79,-62,Healthy,On,upcoming
2026-09-07T16:38:58,on,1500,5,35,711,13.5,79,-219,Healthy,On,upcoming
2026-09-07T16:39:13,on,1500,5,35,737,14.0,79,-44,Healthy,On,upcoming
2026-09-07T16:39:29,on,1500,5,35,801,15.2,79,-87,Healthy,On,upcoming
2026-09-07T16:39:44,on,1500,5,35,533,10.1,79,20,Healthy,On,upcoming
2026-09-07T16:39:58,on,1500,5,35,485,9.2,79,-108,Healthy,On,upcoming
2026-09-07T16:40:14,on,1500,5,35,501,9.5,79,7,Healthy,On,upcoming
2026-09-07T16:40:29,on,1500,5,35,548,10.4,79,12,Healthy,On,upcoming
2026-09-07T16:40:43,on,1500,5,35,496,9.4,79,-19,Healthy,On,upcoming
2026-09-07T16:40:57,on,1500,5,35,528,10.0,79,44,Healthy,On,upcoming
2026-09-07T16:41:14,on,1500,5,35,512,9.7,79,0,Healthy,On,upcoming
2026-09-07T16:41:28,on,1500,5,35,521,9.9,79,71,Healthy,On,upcoming
2026-09-07T16:41:42,on,1500,5,35,512,9.7,79,-96,Healthy,On,upcoming
2026-09-07T16:41:59,on,1500,5,35,533,10.1,79,2,Healthy,On,upcoming
2026-09-07T16:42:13,on,1500,5,35,591,11.2,79,-64,Healthy,On,upcoming
2026-09-07T16:42:27,on,1500,5,35,690,13.1,79,36,Healthy,On,upcoming
2026-09-07T16:42:44,on,1500,5,35,648,12.3,79,6,Healthy,On,upcoming
2026-09-07T16:42:58,on,1500,5,35,506,9.6,79,84,Healthy,On,upcoming
2026-09-07T16:43:12,on,1500,5,35,595,11.3,79,-55,Healthy,On,upcoming
2026-09-07T16:43:29,on,1500,5,35,627,11.9,79,119,Healthy,On,upcoming
2026-09-07T16:43:43,on,1500,5,35,658,12.5,79,63,Healthy,On,upcoming
2026-09-07T16:43:57,on,1500,5,35,616,11.7,79,83,Healthy,On,upcoming
2026-09-07T16:44:14,on,1500,5,35,649,12.3,79,-22,Healthy,On,upcoming
2026-09-07T16:44:28,on,1500,5,35,664,12.6,79,154,Healthy,On,upcoming
2026-09-07T16:44:42,on,1500,5,35,669,12.7,79,103,Healthy,On,upcoming
2026-09-07T16:44:59,on,1500,5,35,648,12.3,79,-146,Healthy,On,upcoming
2026-09-07T16:45:13,on,1500,5,35,695,13.2,79,162,Healthy,On,upcoming
2026-09-07T16:45:28,on,1500,5,35,600,11.4,79,-47,Healthy,On,upcoming
2026-09-07T16:45:44,on,1500,5,35,600,11.4,79,-107,Healthy,On,upcoming
2026-09-07T16:45:58,on,1500,5,35,642,12.2,79,83,Healthy,On,upcoming
2026-09-07T16:46:06,off,1500,5,35,642,12.2,79,83,Healthy,On,upcoming
2026-09-07T16:46:13,on,1500,5,35,548,10.4,79,93,Healthy,On,upcoming
2026-09-07T16:46:29,on,1500,5,35,621,11.8,79,-6,Healthy,On,upcoming
2026-09-07T16:46:43,on,1500,5,35,653,12.4,79,-97,Healthy,On,upcoming
2026-09-07T16:46:58,on,1500,5,35,700,13.3,79,117,Healthy,On,upcoming
2026-09-07T16:47:14,on,1500,5,35,584,11.1,79,-13,Healthy,On,upcoming
2026-09-07T16:47:28,on,1500,5,35,679,12.9,79,136,Healthy,On,upcoming
2026-09-07T16:47:43,on,1500,5,35,528,10.0,79,69,Healthy,On,upcoming
2026-09-07T16:47:59,off,1500,5,35,432,8.2,79,8,Healthy,On,upcoming
2026-09-07T16:48:13,off,1500,5,35,427,8.1,79,0,Healthy,On,upcoming
2026-09-07T16:48:28,off,1500,5,35,422,8.0,79,-8,Healthy,On,upcoming
2026-09-07T16:48:42,off,1500,5,35,427,8.1,79,-4,Healthy,On,upcoming
2026-09-07T16:48:59,off,1500,5,35,417,7.9,79,12,Healthy,On,upcoming
2026-09-07T16:49:13,off,1500,5,35,427,8.1,79,-12,Healthy,On,upcoming
2026-09-07T16:49:29,off,1500,5,35,411,7.8,79,-3,Healthy,On,upcoming
2026-09-07T16:49:44,off,1500,5,35,417,7.9,79,4,Healthy,On,upcoming
2026-09-07T16:50:12,off,1500,5,35,422,8.0,79,0,Healthy,On,upcoming
2026-09-07T16:50:29,off,1500,5,35,448,8.5,79,-2,Healthy,On,upcoming
2026-09-07T16:50:43,off,1500,5,35,432,8.2,79,17,Healthy,On,upcoming
2026-09-07T16:50:57,off,1500,5,35,427,8.1,79,13,Healthy,On,upcoming
2026-09-07T16:51:14,off,1500,5,35,512,9.7,79,-3,Healthy,On,upcoming
2026-09-07T16:51:28,off,1500,5,35,517,9.8,79,2,Healthy,On,upcoming
2026-09-07T16:51:42,off,1500,5,35,1844,35.2,79,2,Healthy,On,upcoming
2026-09-07T16:51:59,off,1500,5,35,1834,35.0,79,-3,Healthy,On,upcoming
2026-09-07T16:52:13,off,1500,5,35,1839,35.1,79,-2,Healthy,On,upcoming
2026-09-07T16:52:27,off,1500,5,35,1834,35.0,79,-1,Healthy,On,upcoming
2026-09-07T16:52:44,off,1500,5,35,1781,34.0,78,16,Healthy,On,upcoming
2026-09-07T16:52:58,off,1500,5,35,1765,33.7,78,2,Healthy,On,upcoming
2026-09-07T16:53:13,off,1500,5,35,453,8.6,78,-69,Healthy,On,upcoming
2026-09-07T16:53:29,off,1500,5,35,469,8.9,78,-1,Healthy,On,upcoming
2026-09-07T16:53:41,on,1500,5,35,469,8.9,78,-1,Healthy,On,upcoming
2026-09-07T16:53:43,on,1500,5,35,479,9.1,78,12,Healthy,On,upcoming
2026-09-07T16:53:47,off,1500,5,35,479,9.1,78,12,Healthy,On,upcoming
2026-09-07T16:53:58,off,1500,5,35,479,9.1,78,0,Healthy,On,upcoming
2026-09-07T16:54:14,off,1500,5,35,479,9.1,78,3,Healthy,On,upcoming
2026-09-07T16:54:28,off,1500,5,35,474,9.0,78,-7,Healthy,On,upcoming
2026-09-07T16:54:43,off,1500,5,35,516,9.8,78,58,Healthy,On,upcoming
2026-09-07T16:54:59,off,1500,5,35,474,9.0,78,-8,Healthy,On,upcoming
2026-09-07T16:55:13,off,1500,5,35,664,12.6,78,-131,Healthy,On,upcoming
2026-09-07T16:55:28,off,1500,5,35,2233,42.7,78,15,Healthy,On,upcoming
2026-09-07T16:55:44,off,1500,5,35,2233,42.7,78,0,Healthy,On,upcoming
2026-09-07T16:55:58,off,1500,5,35,442,8.4,78,140,Healthy,On,upcoming
2026-09-07T16:56:13,off,1500,5,35,479,9.1,78,-1,Healthy,On,upcoming
2026-09-07T16:56:19,on,1500,5,35,479,9.1,78,-1,Healthy,On,upcoming
2026-09-07T16:56:29,on,1500,5,35,479,9.1,78,7,Healthy,On,upcoming
2026-09-07T16:56:43,on,1500,5,35,516,9.8,78,-173,Healthy,On,upcoming
2026-09-07T16:56:58,on,1500,5,35,2201,42.1,78,5,Healthy,On,upcoming
2026-09-07T16:57:12,on,1500,5,35,2201,42.1,78,3,Healthy,On,upcoming
2026-09-07T16:57:28,on,1500,5,35,2191,41.9,78,14,Healthy,On,upcoming
2026-09-07T16:57:43,on,1500,5,35,2065,39.5,78,1493,Healthy,On,upcoming
2026-09-07T16:57:59,on,1500,5,35,479,9.1,78,0,Healthy,On,upcoming
2026-09-07T16:58:14,on,1500,5,35,479,9.1,78,6,Healthy,On,upcoming
2026-09-07T16:58:28,on,1500,5,35,474,9.0,78,8,Healthy,On,upcoming
2026-09-07T16:58:42,on,1500,5,35,542,10.3,78,-1,Healthy,On,upcoming
2026-09-07T16:58:59,on,1500,5,35,527,10.0,78,-5,Healthy,On,upcoming
2026-09-07T16:59:13,on,1500,5,35,527,10.0,78,-12,Healthy,On,upcoming
2026-09-07T16:59:29,on,1500,5,35,1004,19.1,78,302,Healthy,On,upcoming
2026-09-07T16:59:44,on,1500,5,35,769,14.6,78,9,Healthy,On,upcoming
2026-09-07T16:59:58,on,1500,5,35,758,14.4,78,-2,Healthy,On,upcoming
2026-09-07T17:00:12,on,1500,5,35,753,14.3,78,9,Healthy,On,upcoming
2026-09-07T17:00:29,on,1500,5,35,789,15.0,78,2,Healthy,On,upcoming
2026-09-07T17:00:43,on,1500,5,35,774,14.7,78,-5,Healthy,On,upcoming
2026-09-07T17:00:58,on,1500,5,35,758,14.4,78,-5,Healthy,On,upcoming
2026-09-07T17:01:06,off,1500,5,35,758,14.4,78,-5,Healthy,On,upcoming
2026-09-07T17:01:14,off,1500,5,35,769,14.6,78,13,Healthy,On,upcoming
2026-09-07T17:01:28,off,1500,5,35,957,18.2,78,24,Healthy,On,upcoming
2026-09-07T17:01:43,off,1500,5,35,988,18.8,78,2,Healthy,On,upcoming
2026-09-07T17:01:59,off,1500,5,35,983,18.7,78,-7,Healthy,On,upcoming
2026-09-07T17:02:13,off,1500,5,35,988,18.8,78,13,Healthy,On,upcoming
2026-09-07T17:02:28,off,1500,5,35,994,18.9,78,-4,Healthy,On,upcoming
2026-09-07T17:02:42,off,1500,5,35,994,18.9,78,6,Healthy,On,upcoming
2026-09-07T17:02:57,off,0,5,35,994,18.9,78,6,Healthy,On,upcoming
2026-09-07T17:02:59,off,0,0,35,988,18.8,78,-1,Healthy,On,upcoming
2026-09-07T17:03:13,off,0,0,35,994,18.9,78,6,Healthy,On,upcoming
2026-09-07T17:03:27,off,0,0,35,988,18.8,78,9,Healthy,On,upcoming
2026-09-07T17:03:44,off,0,0,35,999,19.0,78,12,Healthy,On,upcoming
2026-09-07T17:03:58,off,0,0,35,978,18.6,78,-5,Healthy,On,upcoming
2026-09-07T17:04:12,off,0,0,35,983,18.7,78,-10,Healthy,On,upcoming
2026-09-07T17:04:29,off,0,0,35,983,18.7,78,12,Healthy,On,upcoming
2026-09-07T17:04:43,off,0,0,35,978,18.6,78,-5,Healthy,On,upcoming
2026-09-07T17:04:57,off,0,0,35,973,18.5,78,-15,Healthy,On,upcoming
2026-09-07T17:05:14,off,0,0,35,978,18.6,78,3,Healthy,On,upcoming
2026-09-07T17:05:28,off,0,0,35,983,18.7,78,8,Healthy,On,upcoming
2026-09-07T17:05:42,off,0,0,35,994,18.9,78,0,Healthy,On,upcoming
2026-09-07T17:05:59,off,0,0,35,988,18.8,78,0,Healthy,On,upcoming
2026-09-07T17:06:13,off,0,0,35,1004,19.1,78,11,Healthy,On,upcoming
2026-09-07T17:06:27,off,0,0,35,994,18.9,78,1,Healthy,On,upcoming
2026-09-07T17:06:44,off,0,0,35,994,18.9,78,3,Healthy,On,upcoming
2026-09-07T17:06:58,off,0,0,35,1004,19.1,78,1,Healthy,On,upcoming
2026-09-07T17:07:12,off,0,0,35,1004,19.1,78,-7,Healthy,On,upcoming
2026-09-07T17:07:29,off,0,0,35,994,18.9,78,-18,Healthy,On,upcoming
2026-09-07T17:07:43,off,0,0,35,1015,19.3,78,15,Healthy,On,upcoming
2026-09-07T17:07:58,off,0,0,35,1004,19.1,78,-13,Healthy,On,upcoming
2026-09-07T17:08:14,off,0,0,35,1009,19.2,78,3,Healthy,On,upcoming
2026-09-07T17:08:28,off,0,0,35,1009,19.2,78,13,Healthy,On,upcoming
2026-09-07T17:08:43,off,0,0,35,1015,19.3,78,-9,Healthy,On,upcoming
2026-09-07T17:08:59,off,0,0,35,1020,19.4,78,0,Healthy,On,upcoming
2026-09-07T17:09:13,off,0,0,35,952,18.1,78,0,Healthy,On,upcoming
2026-09-07T17:09:28,off,0,0,35,941,17.9,78,0,Healthy,On,upcoming
2026-09-07T17:09:44,off,0,0,35,936,17.8,78,4,Healthy,On,upcoming
2026-09-07T17:09:58,off,0,0,35,936,17.8,78,-9,Healthy,On,upcoming
2026-09-07T17:10:13,off,0,0,35,946,18.0,78,16,Healthy,On,upcoming
2026-09-07T17:10:29,off,0,0,35,946,18.0,77,7,Healthy,On,upcoming
2026-09-07T17:10:43,off,0,0,35,941,17.9,77,1,Healthy,On,upcoming
2026-09-07T17:10:58,off,0,0,35,941,17.9,77,0,Healthy,On,upcoming
2026-09-07T17:11:14,off,0,0,35,946,18.0,77,16,Healthy,On,upcoming
2026-09-07T17:11:28,off,0,0,35,946,18.0,77,-2,Healthy,On,upcoming
2026-09-07T17:11:43,off,0,0,35,957,18.2,77,11,Healthy,On,upcoming
2026-09-07T17:11:59,off,0,0,35,941,17.9,77,-5,Healthy,On,upcoming
2026-09-07T17:12:14,off,0,0,35,952,18.1,77,10,Healthy,On,upcoming
2026-09-07T17:12:28,off,0,0,35,946,18.0,77,-2,Healthy,On,upcoming
2026-09-07T17:12:44,off,0,0,35,946,18.0,77,-4,Healthy,On,upcoming
2026-09-07T17:12:59,off,0,0,35,946,18.0,77,4,Healthy,On,upcoming
2026-09-07T17:13:13,off,0,0,35,957,18.2,77,22,Healthy,On,upcoming
2026-09-07T17:13:29,off,0,0,35,946,18.0,77,-13,Healthy,On,upcoming
2026-09-07T17:13:44,off,0,0,35,957,18.2,77,17,Healthy,On,upcoming
2026-09-07T17:13:58,off,0,0,35,946,18.0,77,-5,Healthy,On,upcoming
2026-09-07T17:14:14,off,0,0,35,946,18.0,77,-13,Healthy,On,upcoming
2026-09-07T17:14:29,off,0,0,35,941,17.9,77,-14,Healthy,On,upcoming
2026-09-07T17:14:43,off,0,0,35,952,18.1,77,6,Healthy,On,upcoming
2026-09-07T17:14:59,off,0,0,35,946,18.0,77,-2,Healthy,On,upcoming
2026-09-07T17:15:14,off,0,0,35,810,15.4,77,-24,Healthy,On,upcoming
2026-09-07T17:15:28,off,0,0,35,836,15.9,77,4,Healthy,On,upcoming
2026-09-07T17:15:42,off,0,0,35,831,15.8,77,7,Healthy,On,upcoming
2026-09-07T17:15:59,off,0,0,35,820,15.6,77,3,Healthy,On,upcoming
2026-09-07T17:16:13,off,0,0,35,825,15.7,77,8,Healthy,On,upcoming
2026-09-07T17:16:27,off,0,0,35,836,15.9,77,-4,Healthy,On,upcoming
2026-09-07T17:16:44,off,0,0,35,841,16.0,77,5,Healthy,On,upcoming
2026-09-07T17:16:58,off,0,0,35,841,16.0,77,4,Healthy,On,upcoming
2026-09-07T17:17:12,off,0,0,35,841,16.0,77,1,Healthy,On,upcoming
2026-09-07T17:17:29,off,0,0,35,841,16.0,77,-9,Healthy,On,upcoming
2026-09-07T17:17:58,off,0,0,35,unknown,unknown,unknown,unknown,Degraded,On,upcoming
2026-09-07T17:18:14,off,0,0,35,862,16.4,77,23,Degraded,On,upcoming
2026-09-07T17:18:28,off,0,0,35,852,16.2,77,-1,Degraded,On,upcoming
2026-09-07T17:18:43,off,0,0,35,857,16.3,77,5,Degraded,On,upcoming
2026-09-07T17:18:59,off,0,0,35,857,16.3,77,-12,Degraded,On,upcoming
2026-09-07T17:19:13,off,0,0,35,857,16.3,77,-15,Degraded,On,upcoming
2026-09-07T17:19:28,off,0,0,35,862,16.4,77,0,Degraded,On,upcoming
2026-09-07T17:19:44,off,0,0,35,867,16.5,77,6,Degraded,On,upcoming
2026-09-07T17:19:58,off,0,0,35,862,16.4,77,5,Degraded,On,upcoming
2026-09-07T17:20:13,off,0,0,35,862,16.4,77,-3,Degraded,On,upcoming
2026-09-07T17:20:29,off,0,0,35,883,16.8,77,-36,Degraded,On,upcoming
2026-09-07T17:20:43,off,0,0,35,915,17.4,77,14,Degraded,On,upcoming
2026-09-07T17:20:58,off,0,0,35,915,17.4,77,-12,Degraded,On,upcoming
2026-09-07T17:21:14,off,0,0,35,915,17.4,77,-1,Degraded,On,upcoming
2026-09-07T17:21:28,off,0,0,35,931,17.7,77,14,Degraded,On,upcoming
2026-09-07T17:21:43,off,0,0,35,920,17.5,77,-3,Degraded,On,upcoming
2026-09-07T17:21:59,off,0,0,35,915,17.4,77,4,Degraded,On,upcoming
2026-09-07T17:22:13,off,0,0,35,915,17.4,77,-22,Degraded,On,upcoming
2026-09-07T17:22:28,off,0,0,35,909,17.3,77,32,Degraded,On,upcoming
2026-09-07T17:22:44,off,0,0,35,915,17.4,77,-7,Degraded,On,upcoming
2026-09-07T17:22:59,off,0,0,35,904,17.2,77,-3,Degraded,On,upcoming
2026-09-07T17:23:13,off,0,0,35,899,17.1,77,7,Degraded,On,upcoming
2026-09-07T17:23:29,off,0,0,35,899,17.1,77,8,Degraded,On,upcoming
2026-09-07T17:23:44,off,0,0,35,904,17.2,77,8,Degraded,On,upcoming
2026-09-07T17:23:58,off,0,0,35,888,16.9,77,2,Degraded,On,upcoming
2026-09-07T17:24:14,off,0,0,35,894,17.0,77,-10,Degraded,On,upcoming
2026-09-07T17:24:29,off,0,0,35,899,17.1,77,24,Degraded,On,upcoming
2026-09-07T17:24:43,off,0,0,35,883,16.8,77,3,Degraded,On,upcoming
2026-09-07T17:24:57,off,0,0,35,888,16.9,77,3,Degraded,On,upcoming
2026-09-07T17:25:14,off,0,0,35,883,16.8,77,1,Degraded,On,upcoming
2026-09-07T17:25:28,off,0,0,35,878,16.7,77,71,Degraded,On,upcoming
2026-09-07T17:25:42,off,0,0,35,815,15.5,77,5,Degraded,On,upcoming
2026-09-07T17:25:59,off,0,0,35,815,15.5,77,1,Degraded,On,upcoming
2026-09-07T17:26:13,off,0,0,35,815,15.5,77,6,Degraded,On,upcoming
2026-09-07T17:26:28,off,0,0,35,815,15.5,77,5,Degraded,On,upcoming
2026-09-07T17:26:44,off,0,0,35,810,15.4,77,-6,Degraded,On,upcoming
2026-09-07T17:26:58,off,0,0,35,815,15.5,77,8,Degraded,On,upcoming
2026-09-07T17:27:13,off,0,0,35,836,15.9,77,4,Degraded,On,upcoming
2026-09-07T17:27:29,off,0,0,35,831,15.8,77,2,Degraded,On,upcoming
2026-09-07T17:27:43,off,0,0,35,720,13.7,77,-13,Degraded,On,upcoming
2026-09-07T17:27:58,off,0,0,35,715,13.6,77,2,Healthy,On,upcoming
2026-09-07T17:28:14,off,0,0,35,741,14.1,77,-2,Healthy,On,upcoming
2026-09-07T17:28:28,off,0,0,35,741,14.1,77,4,Healthy,On,upcoming
2026-09-07T17:28:43,off,0,0,35,731,13.9,77,1,Healthy,On,upcoming
2026-09-07T17:28:59,off,0,0,35,720,13.7,77,-1,Healthy,On,upcoming
2026-09-07T17:29:13,off,0,0,35,767,14.6,77,-22,Healthy,On,upcoming
2026-09-07T17:29:28,off,0,0,35,762,14.5,77,2,Healthy,On,upcoming
2026-09-07T17:29:44,off,0,0,35,757,14.4,77,2,Healthy,On,upcoming
2026-09-07T17:29:59,off,0,0,35,752,14.3,77,0,Healthy,On,upcoming
2026-09-07T17:30:13,off,0,0,35,757,14.4,77,-5,Healthy,On,upcoming
2026-09-07T17:30:29,off,0,0,35,752,14.3,77,2,Healthy,On,upcoming
2026-09-07T17:30:44,off,0,0,35,762,14.5,77,14,Healthy,On,upcoming
2026-09-07T17:30:58,off,0,0,35,757,14.4,77,6,Healthy,On,upcoming
2026-09-07T17:31:14,off,0,0,35,752,14.3,77,-3,Healthy,On,upcoming
2026-09-07T17:31:29,off,0,0,35,757,14.4,77,17,Healthy,On,upcoming
2026-09-07T17:31:43,off,0,0,35,752,14.3,77,10,Healthy,On,upcoming
2026-09-07T17:31:58,off,0,0,35,752,14.3,77,11,Healthy,On,upcoming
2026-09-07T17:32:14,off,0,0,35,746,14.2,76,-1,Healthy,On,upcoming
2026-09-07T17:32:28,off,0,0,35,746,14.2,76,1,Healthy,On,upcoming
2026-09-07T17:32:43,off,0,0,35,736,14.0,76,12,Healthy,On,upcoming
2026-09-07T17:32:59,off,0,0,35,720,13.7,76,18,Healthy,On,upcoming
2026-09-07T17:33:13,off,0,0,35,690,13.1,76,-2,Healthy,On,upcoming
2026-09-07T17:33:28,off,0,0,35,694,13.2,76,-3,Healthy,On,upcoming
2026-09-07T17:33:44,off,0,0,35,699,13.3,76,13,Healthy,On,upcoming
2026-09-07T17:33:58,off,0,0,35,685,13.0,76,11,Healthy,On,upcoming
2026-09-07T17:34:13,off,0,0,35,678,12.9,76,-10,Healthy,On,upcoming
2026-09-07T17:34:29,off,0,0,35,679,12.9,76,5,Healthy,On,upcoming
2026-09-07T17:34:43,off,0,0,35,669,12.7,76,7,Healthy,On,upcoming
2026-09-07T17:34:58,off,0,0,35,888,16.9,76,-2,Healthy,On,upcoming
2026-09-07T17:35:14,off,0,0,35,894,17.0,76,0,Healthy,On,upcoming
2026-09-07T17:35:29,off,0,0,35,888,16.9,76,2,Healthy,On,upcoming
2026-09-07T17:35:43,off,0,0,35,883,16.8,76,9,Healthy,On,upcoming
2026-09-07T17:35:59,off,0,0,35,878,16.7,76,-3,Healthy,On,upcoming
2026-09-07T17:36:14,off,0,0,35,867,16.5,76,-8,Healthy,On,upcoming
2026-09-07T17:36:28,off,0,0,35,867,16.5,76,12,Healthy,On,upcoming
2026-09-07T17:36:44,off,0,0,35,857,16.3,76,7,Healthy,On,upcoming
2026-09-07T17:36:59,off,0,0,35,852,16.2,76,-13,Healthy,On,upcoming
2026-09-07T17:37:13,off,0,0,35,852,16.2,76,-8,Healthy,On,upcoming
2026-09-07T17:37:29,off,0,0,35,852,16.2,76,3,Healthy,On,upcoming
2026-09-07T17:37:44,off,0,0,35,852,16.2,76,9,Healthy,On,upcoming
2026-09-07T17:37:58,off,0,0,35,846,16.1,76,-21,Healthy,On,upcoming
2026-09-07T17:38:14,off,0,0,35,841,16.0,76,-4,Healthy,On,upcoming
2026-09-07T17:38:29,off,0,0,35,841,16.0,76,-12,Healthy,On,upcoming
2026-09-07T17:38:43,off,0,0,35,846,16.1,76,6,Healthy,On,upcoming
2026-09-07T17:38:59,off,0,0,35,841,16.0,76,-11,Healthy,On,upcoming
2026-09-07T17:39:14,off,0,0,35,857,16.3,76,-3,Healthy,On,upcoming
2026-09-07T17:39:28,off,0,0,35,846,16.1,76,7,Healthy,On,upcoming
2026-09-07T17:39:44,off,0,0,35,862,16.4,76,18,Healthy,On,upcoming
2026-09-07T17:39:59,off,0,0,35,846,16.1,76,-7,Healthy,On,upcoming
2026-09-07T17:40:13,off,0,0,35,846,16.1,76,1,Healthy,On,upcoming
2026-09-07T17:40:29,off,0,0,35,857,16.3,76,8,Healthy,On,upcoming
2026-09-07T17:40:44,off,0,0,35,846,16.1,76,-7,Healthy,On,upcoming
2026-09-07T17:40:58,off,0,0,35,852,16.2,76,0,Healthy,On,upcoming
2026-09-07T17:41:14,off,0,0,35,846,16.1,76,-6,Healthy,On,upcoming
2026-09-07T17:41:29,off,0,0,35,852,16.2,76,7,Healthy,On,upcoming
2026-09-07T17:41:43,off,0,0,35,857,16.3,76,16,Healthy,On,upcoming
2026-09-07T17:41:57,off,0,0,35,852,16.2,76,-14,Healthy,On,upcoming
2026-09-07T17:42:14,off,0,0,35,857,16.3,76,1,Healthy,On,upcoming
2026-09-07T17:42:28,off,0,0,35,852,16.2,76,7,Healthy,On,upcoming
2026-09-07T17:42:42,off,0,0,35,857,16.3,76,-3,Healthy,On,upcoming
2026-09-07T17:42:59,off,0,0,35,857,16.3,76,-8,Healthy,On,upcoming
2026-09-07T17:43:13,off,0,0,35,862,16.4,76,5,Healthy,On,upcoming
2026-09-07T17:43:28,off,0,0,35,857,16.3,76,0,Healthy,On,upcoming
2026-09-07T17:43:44,off,0,0,35,862,16.4,76,8,Healthy,On,upcoming
2026-09-07T17:43:58,off,0,0,35,852,16.2,76,-4,Healthy,On,upcoming
2026-09-07T17:44:13,off,0,0,35,852,16.2,76,-29,Healthy,On,upcoming
2026-09-07T17:44:29,off,0,0,35,857,16.3,76,8,Healthy,On,upcoming
2026-09-07T17:44:43,off,0,0,35,857,16.3,76,5,Healthy,On,upcoming
2026-09-07T17:44:58,off,0,0,35,852,16.2,76,-10,Healthy,On,upcoming
2026-09-07T17:45:14,off,0,0,35,657,12.5,76,-11,Healthy,On,upcoming
2026-09-07T17:45:28,off,0,0,35,662,12.6,76,0,Healthy,On,upcoming
2026-09-07T17:45:43,off,0,0,35,664,12.6,76,13,Healthy,On,upcoming
2026-09-07T17:45:59,off,0,0,35,662,12.6,76,-9,Healthy,On,upcoming
2026-09-07T17:46:13,off,0,0,35,657,12.5,76,8,Healthy,On,upcoming
2026-09-07T17:46:28,off,0,0,35,658,12.5,76,0,Healthy,On,upcoming
2026-09-07T17:46:44,off,0,0,35,668,12.7,76,2,Healthy,On,upcoming
2026-09-07T17:46:58,off,0,0,35,662,12.6,76,-7,Healthy,On,upcoming
2026-09-07T17:47:13,off,0,0,35,662,12.6,76,-5,Healthy,On,upcoming
2026-09-07T17:47:29,off,0,0,35,673,12.8,76,11,Healthy,On,upcoming
2026-09-07T17:47:43,off,0,0,35,668,12.7,76,0,Healthy,On,upcoming
2026-09-07T17:47:58,off,0,0,35,662,12.6,76,-12,Healthy,On,upcoming
2026-09-07T17:48:14,off,0,0,35,668,12.7,76,3,Healthy,On,upcoming
2026-09-07T17:48:29,off,0,0,35,662,12.6,76,2,Healthy,On,upcoming
2026-09-07T17:48:43,off,0,0,35,669,12.7,76,-7,Healthy,On,upcoming
2026-09-07T17:48:59,off,0,0,35,662,12.6,76,-15,Healthy,On,upcoming
2026-09-07T17:49:14,off,0,0,35,662,12.6,76,-16,Healthy,On,upcoming
2026-09-07T17:49:28,off,0,0,35,669,12.7,76,12,Healthy,On,upcoming
2026-09-07T17:49:44,off,0,0,35,673,12.8,76,10,Healthy,On,upcoming
2026-09-07T17:49:59,off,0,0,35,673,12.8,76,0,Healthy,On,upcoming
2026-09-07T17:50:13,off,0,0,35,669,12.7,76,15,Healthy,On,upcoming
2026-09-07T17:50:29,off,0,0,35,662,12.6,76,7,Healthy,On,upcoming
2026-09-07T17:50:44,off,0,0,35,668,12.7,76,-2,Healthy,On,upcoming
2026-09-07T17:50:58,off,0,0,35,658,12.5,76,-8,Healthy,On,upcoming
2026-09-07T17:51:14,off,0,0,35,662,12.6,76,0,Healthy,On,upcoming
2026-09-07T17:51:29,off,0,0,35,662,12.6,76,8,Healthy,On,upcoming
2026-09-07T17:51:43,off,0,0,35,664,12.6,76,4,Healthy,On,upcoming
2026-09-07T17:51:59,off,0,0,35,658,12.5,76,-13,Healthy,On,upcoming
2026-09-07T17:52:14,off,0,0,35,664,12.6,76,3,Healthy,On,upcoming
2026-09-07T17:52:28,off,0,0,35,662,12.6,76,8,Healthy,On,upcoming
2026-09-07T17:52:44,off,0,0,35,664,12.6,76,-1,Healthy,On,upcoming
2026-09-07T17:52:59,off,0,0,35,658,12.5,76,-4,Healthy,On,upcoming
2026-09-07T17:53:13,off,0,0,35,662,12.6,76,-18,Healthy,On,upcoming
2026-09-07T17:53:29,off,0,0,35,657,12.5,76,9,Healthy,On,upcoming
2026-09-07T17:53:44,off,0,0,35,673,12.8,76,8,Healthy,On,upcoming
2026-09-07T17:53:58,off,0,0,35,657,12.5,76,-6,Healthy,On,upcoming
2026-09-07T17:54:14,off,0,0,35,657,12.5,76,-16,Healthy,On,upcoming
2026-09-07T17:54:29,off,0,0,35,652,12.4,76,7,Healthy,On,upcoming
2026-09-07T17:54:43,off,0,0,35,652,12.4,76,2,Healthy,On,upcoming
2026-09-07T17:54:57,off,0,0,35,648,12.3,76,0,Healthy,On,upcoming
2026-09-07T17:55:14,off,0,0,35,669,12.7,76,-15,Healthy,On,upcoming
2026-09-07T17:55:28,off,0,0,35,689,13.1,76,15,Healthy,On,upcoming
2026-09-07T17:55:42,off,0,0,35,662,12.6,76,5,Healthy,On,upcoming
2026-09-07T17:55:59,off,0,0,35,674,12.8,76,-15,Healthy,On,upcoming
2026-09-07T17:56:13,off,0,0,35,678,12.9,75,16,Healthy,On,upcoming
2026-09-07T17:56:27,off,0,0,35,669,12.7,75,1,Healthy,On,upcoming
2026-09-07T17:56:44,off,0,0,35,678,12.9,75,3,Healthy,On,upcoming
2026-09-07T17:56:58,off,0,0,35,668,12.7,75,-8,Healthy,On,upcoming
2026-09-07T17:57:12,off,0,0,35,674,12.8,75,3,Healthy,On,upcoming
2026-09-07T17:57:29,off,0,0,35,673,12.8,75,9,Healthy,On,upcoming
2026-09-07T17:57:43,off,0,0,35,678,12.9,75,5,Healthy,On,upcoming
2026-09-07T17:57:57,off,0,0,35,662,12.6,75,-5,Healthy,On,upcoming
2026-09-07T17:58:14,off,0,0,35,673,12.8,75,13,Healthy,On,upcoming
2026-09-07T17:58:28,off,0,0,35,669,12.7,75,0,Healthy,On,upcoming
2026-09-07T17:58:42,off,0,0,35,668,12.7,75,-3,Healthy,On,upcoming
2026-09-07T17:58:59,off,0,0,35,664,12.6,75,-2,Healthy,On,upcoming
2026-09-07T17:59:13,off,0,0,35,674,12.8,75,-5,Healthy,On,upcoming
2026-09-07T17:59:28,off,0,0,35,674,12.8,75,-13,Healthy,On,upcoming
2026-09-07T17:59:44,off,0,0,35,2296,44.0,75,485,Healthy,On,upcoming
2026-09-07T17:59:58,off,0,0,35,3187,61.3,75,2182,Healthy,On,upcoming
2026-09-07T18:00:08,off,0,0,35,3187,61.3,75,2182,Healthy,On,in_progress
2026-09-07T18:00:13,off,0,0,35,3182,61.2,75,2147,Healthy,On,in_progress
2026-09-07T18:00:29,off,0,0,35,3192,61.4,75,2182,Healthy,On,in_progress
2026-09-07T18:00:43,off,0,0,35,3181,61.3,75,2162,Healthy,On,in_progress
2026-09-07T18:00:58,off,0,0,35,3181,61.3,75,2159,Healthy,On,in_progress
2026-09-07T18:01:14,off,0,0,35,3181,61.3,75,2163,Healthy,On,in_progress
2026-09-07T18:01:28,off,0,0,35,3181,61.3,75,2156,Healthy,On,in_progress
2026-09-07T18:01:43,off,0,0,35,3181,61.3,75,2136,Healthy,On,in_progress
2026-09-07T18:01:59,off,0,0,35,3171,61.1,75,2157,Healthy,On,in_progress
2026-09-07T18:02:13,off,0,0,35,3176,61.2,75,2151,Healthy,On,in_progress
2026-09-07T18:02:28,off,0,0,35,3181,61.3,75,2145,Healthy,On,in_progress
2026-09-07T18:02:44,off,0,0,35,3176,61.2,75,2154,Healthy,On,in_progress
2026-09-07T18:02:59,off,0,0,35,3181,61.3,75,2157,Healthy,On,in_progress
2026-09-07T18:03:13,off,0,0,35,3176,61.2,75,2145,Healthy,On,in_progress
2026-09-07T18:03:29,off,0,0,35,3186,61.4,75,2148,Healthy,On,in_progress
2026-09-07T18:03:44,off,0,0,35,3176,61.2,75,2147,Healthy,On,in_progress
2026-09-07T18:03:58,off,0,0,35,3186,61.4,75,2151,Healthy,On,in_progress
2026-09-07T18:04:14,off,0,0,35,3176,61.2,75,2119,Healthy,On,in_progress
2026-09-07T18:04:29,off,0,0,35,3186,61.4,74,2140,Healthy,On,in_progress
2026-09-07T18:04:43,off,0,0,35,3176,61.2,74,2132,Healthy,On,in_progress
2026-09-07T18:04:59,off,0,0,35,3181,61.3,74,2150,Healthy,On,in_progress
2026-09-07T18:05:14,off,0,0,35,3181,61.3,74,2146,Healthy,On,in_progress
2026-09-07T18:05:28,off,0,0,35,3176,61.2,74,2148,Healthy,On,in_progress
2026-09-07T18:05:42,off,0,0,35,3176,61.2,74,1955,Healthy,On,in_progress
2026-09-07T18:05:59,off,0,0,35,3186,61.4,74,1946,Healthy,On,in_progress
2026-09-07T18:06:13,off,0,0,35,3176,61.2,74,1945,Healthy,On,in_progress
2026-09-07T18:06:28,off,0,0,35,3176,61.2,74,1950,Healthy,On,in_progress
2026-09-07T18:06:44,off,0,0,35,3176,61.2,74,1959,Healthy,On,in_progress
2026-09-07T18:06:58,off,0,0,35,3181,61.3,74,1944,Healthy,On,in_progress
2026-09-07T18:07:13,off,0,0,35,3181,61.3,74,2089,Healthy,On,in_progress
2026-09-07T18:07:29,off,0,0,35,3176,61.2,74,2087,Healthy,On,in_progress
2026-09-07T18:07:43,off,0,0,35,3176,61.2,74,2098,Healthy,On,in_progress
2026-09-07T18:07:58,off,0,0,35,3176,61.2,74,2081,Healthy,On,in_progress
2026-09-07T18:08:14,off,0,0,35,3176,61.2,74,2079,Healthy,On,in_progress
2026-09-07T18:08:28,off,0,0,35,3181,61.3,74,2080,Healthy,On,in_progress
2026-09-07T18:08:43,off,0,0,35,3181,61.3,74,2088,Healthy,On,in_progress
2026-09-07T18:08:59,off,0,0,35,3176,61.2,74,2080,Healthy,On,in_progress
2026-09-07T18:09:14,off,0,0,35,3176,61.2,74,2074,Healthy,On,in_progress
2026-09-07T18:09:28,off,0,0,35,3176,61.2,74,2083,Healthy,On,in_progress
2026-09-07T18:09:44,off,0,0,35,3176,61.2,74,2099,Healthy,On,in_progress
2026-09-07T18:09:59,off,0,0,35,3176,61.2,73,2079,Healthy,On,in_progress
2026-09-07T18:10:13,off,0,0,35,3181,61.3,73,2087,Healthy,On,in_progress
2026-09-07T18:10:29,off,0,0,35,3186,61.4,73,2088,Healthy,On,in_progress
2026-09-07T18:10:44,off,0,0,35,3181,61.3,73,2018,Healthy,On,in_progress
2026-09-07T18:10:58,off,0,0,35,3181,61.3,73,2000,Healthy,On,in_progress
2026-09-07T18:11:14,off,0,0,35,3181,61.3,73,2017,Healthy,On,in_progress
2026-09-07T18:11:29,off,0,0,35,3176,61.2,73,2023,Healthy,On,in_progress
2026-09-07T18:11:43,off,0,0,35,3186,61.4,73,2032,Healthy,On,in_progress
2026-09-07T18:11:59,off,0,0,35,3181,61.3,73,2030,Healthy,On,in_progress
2026-09-07T18:12:14,off,0,0,35,3176,61.2,73,2029,Healthy,On,in_progress
2026-09-07T18:12:42,off,0,0,35,3186,61.4,73,2039,Healthy,On,in_progress
2026-09-07T18:12:59,off,0,0,35,3176,61.2,73,2027,Healthy,On,in_progress
2026-09-07T18:13:13,off,0,0,35,3186,61.4,73,1933,Healthy,On,in_progress
2026-09-07T18:13:27,off,0,0,35,3176,61.2,73,1934,Healthy,On,in_progress
2026-09-07T18:13:44,off,0,0,35,3176,61.2,73,1938,Healthy,On,in_progress
2026-09-07T18:13:58,off,0,0,35,3186,61.4,73,1934,Healthy,On,in_progress
2026-09-07T18:14:12,off,0,0,35,3176,61.2,73,1911,Healthy,On,in_progress
2026-09-07T18:14:29,off,0,0,35,3186,61.4,73,1929,Healthy,On,in_progress
2026-09-07T18:14:43,off,0,0,35,3186,61.4,73,1938,Healthy,On,in_progress
2026-09-07T18:14:58,off,0,0,35,3181,61.3,73,1927,Healthy,On,in_progress
2026-09-07T18:15:14,off,0,0,35,3186,61.4,73,2004,Healthy,On,in_progress
2026-09-07T18:15:28,off,0,0,35,3176,61.2,72,2166,Healthy,On,in_progress
2026-09-07T18:15:43,off,0,0,35,3181,61.3,72,2175,Healthy,On,in_progress
2026-09-07T18:15:59,off,0,0,35,3181,61.3,72,2180,Healthy,On,in_progress
2026-09-07T18:16:13,off,0,0,35,3181,61.3,72,2177,Healthy,On,in_progress
2026-09-07T18:16:28,off,0,0,35,3176,61.2,72,2186,Healthy,On,in_progress
2026-09-07T18:16:44,off,0,0,35,3186,61.4,72,2144,Healthy,On,in_progress
2026-09-07T18:16:58,off,0,0,35,3181,61.3,72,2146,Healthy,On,in_progress
2026-09-07T18:17:13,off,0,0,35,3186,61.4,72,2144,Healthy,On,in_progress
2026-09-07T18:17:29,off,0,0,35,3181,61.3,72,2143,Healthy,On,in_progress
2026-09-07T18:17:43,off,0,0,35,3181,61.3,72,2128,Healthy,On,in_progress
2026-09-07T18:17:58,off,0,0,35,3181,61.3,72,2131,Healthy,On,in_progress
2026-09-07T18:18:12,off,0,0,35,3181,61.3,72,2128,Healthy,On,in_progress
2026-09-07T18:18:29,off,0,0,35,3181,61.3,72,2129,Healthy,On,in_progress
2026-09-07T18:18:43,off,0,0,35,3181,61.3,72,2143,Healthy,On,in_progress
2026-09-07T18:18:58,off,0,0,35,3181,61.3,72,2129,Healthy,On,in_progress
2026-09-07T18:19:14,off,0,0,35,3176,61.2,72,2131,Healthy,On,in_progress
2026-09-07T18:19:28,off,0,0,35,3176,61.2,72,2136,Healthy,On,in_progress
2026-09-07T18:19:43,off,0,0,35,3181,61.3,72,2165,Healthy,On,in_progress
2026-09-07T18:19:59,off,0,0,35,3181,61.3,72,2161,Healthy,On,in_progress
2026-09-07T18:20:13,off,0,0,35,3176,61.2,72,2165,Healthy,On,in_progress
2026-09-07T18:20:28,off,0,0,35,3176,61.2,72,2173,Healthy,On,in_progress
2026-09-07T18:20:44,off,0,0,35,3186,61.4,71,2171,Healthy,On,in_progress
2026-09-07T18:20:58,off,0,0,35,3181,61.3,71,2163,Healthy,On,in_progress
2026-09-07T18:21:13,off,0,0,35,3181,61.3,71,2167,Healthy,On,in_progress
2026-09-07T18:21:29,off,0,0,35,3181,61.3,71,2174,Healthy,On,in_progress
2026-09-07T18:21:43,off,0,0,35,3181,61.3,71,2164,Healthy,On,in_progress
2026-09-07T18:21:58,off,0,0,35,3181,61.3,71,2165,Healthy,On,in_progress
2026-09-07T18:22:28,off,0,0,35,3186,61.4,71,2172,Healthy,On,in_progress
2026-09-07T18:22:43,off,0,0,35,3181,61.3,71,2167,Healthy,On,in_progress
2026-09-07T18:22:59,off,0,0,35,3181,61.3,71,2162,Healthy,On,in_progress
2026-09-07T18:23:13,off,0,0,35,3186,61.4,71,2170,Healthy,On,in_progress
2026-09-07T18:23:28,off,0,0,35,3181,61.3,71,2171,Healthy,On,in_progress
2026-09-07T18:23:44,off,0,0,35,3181,61.3,71,2165,Healthy,On,in_progress
2026-09-07T18:23:59,off,0,0,35,3181,61.3,71,2160,Healthy,On,in_progress
2026-09-07T18:24:13,off,0,0,35,3186,61.4,71,2157,Healthy,On,in_progress
2026-09-07T18:24:29,off,0,0,35,3181,61.3,71,2171,Healthy,On,in_progress
2026-09-07T18:24:44,off,0,0,35,3181,61.3,71,2160,Healthy,On,in_progress
2026-09-07T18:24:58,off,0,0,35,3181,61.3,71,2161,Healthy,On,in_progress
2026-09-07T18:25:14,off,0,0,35,3181,61.3,71,2169,Healthy,On,in_progress
2026-09-07T18:25:29,off,0,0,35,3181,61.3,71,2181,Healthy,On,in_progress
2026-09-07T18:25:43,off,0,0,35,3181,61.3,71,2166,Healthy,On,in_progress
2026-09-07T18:25:59,off,0,0,35,3191,61.5,71,2163,Healthy,On,in_progress
2026-09-07T18:26:14,off,0,0,35,3186,61.4,70,2176,Healthy,On,in_progress
2026-09-07T18:26:28,off,0,0,35,3181,61.3,70,2172,Healthy,On,in_progress
2026-09-07T18:26:44,off,0,0,35,3181,61.3,70,2188,Healthy,On,in_progress
2026-09-07T18:26:59,off,0,0,35,3191,61.5,70,2180,Healthy,On,in_progress
2026-09-07T18:27:13,off,0,0,35,3181,61.3,70,2184,Healthy,On,in_progress
2026-09-07T18:27:30,off,0,0,35,3181,61.3,70,2175,Healthy,On,in_progress
2026-09-07T18:27:44,off,0,0,35,3191,61.5,70,2177,Healthy,On,in_progress
2026-09-07T18:27:58,off,0,0,35,3181,61.3,70,2178,Healthy,On,in_progress
2026-09-07T18:28:15,off,0,0,35,3181,61.3,70,2182,Healthy,On,in_progress
2026-09-07T18:28:29,off,0,0,35,3181,61.3,70,2180,Healthy,On,in_progress
2026-09-07T18:28:43,off,0,0,35,3186,61.4,70,2184,Healthy,On,in_progress
2026-09-07T18:28:58,off,0,0,35,3181,61.3,70,2239,Healthy,On,in_progress
2026-09-07T18:29:14,off,0,0,35,3181,61.3,70,2237,Healthy,On,in_progress
2026-09-07T18:29:28,off,0,0,35,3181,61.3,70,2242,Healthy,On,in_progress
2026-09-07T18:29:43,off,0,0,35,3181,61.3,70,2231,Healthy,On,in_progress
2026-09-07T18:29:59,off,0,0,35,3181,61.3,70,2240,Healthy,On,in_progress
2026-09-07T18:30:13,off,0,0,35,3181,61.3,70,2058,Healthy,On,in_progress
2026-09-07T18:30:28,off,0,0,35,3181,61.3,70,2067,Healthy,On,in_progress
2026-09-07T18:30:58,off,0,0,35,3191,61.5,70,2079,Healthy,On,in_progress
2026-09-07T18:31:13,off,0,0,35,3181,61.3,70,2075,Healthy,On,in_progress
2026-09-07T18:31:29,off,0,0,35,3186,61.4,70,2090,Healthy,On,in_progress
2026-09-07T18:31:43,off,0,0,35,3181,61.3,69,2081,Healthy,On,in_progress
2026-09-07T18:31:58,off,0,0,35,3181,61.3,69,2093,Healthy,On,in_progress
2026-09-07T18:32:14,off,0,0,35,3186,61.4,69,2106,Healthy,On,in_progress
2026-09-07T18:32:29,off,0,0,35,3181,61.3,69,2106,Healthy,On,in_progress
2026-09-07T18:32:43,off,0,0,35,3181,61.3,69,2105,Healthy,On,in_progress
2026-09-07T18:32:59,off,0,0,35,3181,61.3,69,2101,Healthy,On,in_progress
2026-09-07T18:33:14,off,0,0,35,3181,61.3,69,2103,Healthy,On,in_progress
2026-09-07T18:33:28,off,0,0,35,3191,61.5,69,2102,Healthy,On,in_progress
2026-09-07T18:33:44,off,0,0,35,3186,61.4,69,2088,Healthy,On,in_progress
2026-09-07T18:33:59,off,0,0,35,3181,61.3,69,2100,Healthy,On,in_progress
2026-09-07T18:34:13,off,0,0,35,3186,61.4,69,2097,Healthy,On,in_progress
2026-09-07T18:34:29,off,0,0,35,3186,61.4,69,2111,Healthy,On,in_progress
2026-09-07T18:34:44,off,0,0,35,3186,61.4,69,2108,Healthy,On,in_progress
2026-09-07T18:34:58,off,0,0,35,3181,61.3,69,2017,Healthy,On,in_progress
2026-09-07T18:35:14,off,0,0,35,3186,61.4,69,2027,Healthy,On,in_progress
2026-09-07T18:35:29,off,0,0,35,3181,61.3,69,2041,Healthy,On,in_progress
2026-09-07T18:35:43,off,0,0,35,3181,61.3,69,2027,Healthy,On,in_progress
2026-09-07T18:35:59,off,0,0,35,3186,61.4,69,2042,Healthy,On,in_progress
2026-09-07T18:36:14,off,0,0,35,3191,61.5,69,2040,Healthy,On,in_progress
2026-09-07T18:36:28,off,0,0,35,3186,61.4,69,1851,Healthy,On,in_progress
2026-09-07T18:36:44,off,0,0,35,3186,61.4,69,1848,Healthy,On,in_progress
2026-09-07T18:36:59,off,0,0,35,3181,61.3,68,1848,Healthy,On,in_progress
2026-09-07T18:37:13,off,0,0,35,3181,61.3,68,1852,Healthy,On,in_progress
2026-09-07T18:37:27,off,0,0,35,3181,61.3,68,1864,Healthy,On,in_progress
2026-09-07T18:37:44,off,0,0,35,3181,61.3,68,1857,Healthy,On,in_progress
2026-09-07T18:37:58,off,0,0,35,3181,61.3,68,1852,Healthy,On,in_progress
2026-09-07T18:38:15,off,0,0,35,3181,61.3,68,1855,Healthy,On,in_progress
2026-09-07T18:38:29,off,0,0,35,3181,61.3,68,1864,Healthy,On,in_progress
2026-09-07T18:38:43,off,0,0,35,3191,61.5,68,1861,Healthy,On,in_progress
2026-09-07T18:38:58,off,0,0,35,3181,61.3,68,1852,Healthy,On,in_progress
2026-09-07T18:39:14,off,0,0,35,3181,61.3,68,1861,Healthy,On,in_progress
2026-09-07T18:39:28,off,0,0,35,3181,61.3,68,1855,Healthy,On,in_progress
2026-09-07T18:39:43,off,0,0,35,3191,61.5,68,1855,Healthy,On,in_progress
2026-09-07T18:39:59,off,0,0,35,3181,61.3,68,1863,Healthy,On,in_progress
2026-09-07T18:40:13,off,0,0,35,3181,61.3,68,1862,Healthy,On,in_progress
2026-09-07T18:40:28,off,0,0,35,3191,61.5,68,1862,Healthy,On,in_progress
2026-09-07T18:40:44,off,0,0,35,3181,61.3,68,1868,Healthy,On,in_progress
2026-09-07T18:40:58,off,0,0,35,3181,61.3,68,1865,Healthy,On,in_progress
2026-09-07T18:41:13,off,0,0,35,3186,61.4,68,1866,Healthy,On,in_progress
2026-09-07T18:41:29,off,0,0,35,3181,61.3,68,1867,Healthy,On,in_progress
2026-09-07T18:41:43,off,0,0,35,3191,61.5,68,1862,Healthy,On,in_progress
2026-09-07T18:41:58,off,0,0,35,3181,61.3,68,1867,Healthy,On,in_progress
2026-09-07T18:42:14,off,0,0,35,3181,61.3,68,1871,Healthy,On,in_progress
2026-09-07T18:42:28,off,0,0,35,3186,61.4,67,1861,Healthy,On,in_progress
2026-09-07T18:42:43,off,0,0,35,3181,61.3,67,1846,Healthy,On,in_progress
2026-09-07T18:42:59,off,0,0,35,3186,61.4,67,1869,Healthy,On,in_progress
2026-09-07T18:43:14,off,0,0,35,3181,61.3,67,1874,Healthy,On,in_progress
2026-09-07T18:43:28,off,0,0,35,3191,61.5,67,1866,Healthy,On,in_progress
2026-09-07T18:43:44,off,0,0,35,3186,61.4,67,1867,Healthy,On,in_progress
2026-09-07T18:43:59,off,0,0,35,3181,61.3,67,1870,Healthy,On,in_progress
2026-09-07T18:44:13,off,0,0,35,3191,61.5,67,1854,Healthy,On,in_progress
2026-09-07T18:44:29,off,0,0,35,3186,61.4,67,1861,Healthy,On,in_progress
2026-09-07T18:44:44,off,0,0,35,3191,61.5,67,1872,Healthy,On,in_progress
2026-09-07T18:44:58,off,0,0,35,3186,61.4,67,1868,Healthy,On,in_progress
2026-09-07T18:45:14,off,0,0,35,3186,61.4,67,1880,Healthy,On,in_progress
2026-09-07T18:45:29,off,0,0,35,3186,61.4,67,1858,Healthy,On,in_progress
2026-09-07T18:45:43,off,0,0,35,3186,61.4,67,2043,Healthy,On,in_progress
2026-09-07T18:45:59,off,0,0,35,3186,61.4,67,2044,Healthy,On,in_progress
2026-09-07T18:46:14,off,0,0,35,3186,61.4,67,2049,Healthy,On,in_progress
2026-09-07T18:46:28,off,0,0,35,3186,61.4,67,2101,Healthy,On,in_progress
2026-09-07T18:46:44,off,0,0,35,3186,61.4,67,2108,Healthy,On,in_progress
2026-09-07T18:46:59,off,0,0,35,3186,61.4,67,2104,Healthy,On,in_progress
2026-09-07T18:47:13,off,0,0,35,3186,61.4,67,2109,Healthy,On,in_progress
2026-09-07T18:47:29,off,0,0,35,3186,61.4,67,2105,Healthy,On,in_progress
2026-09-07T18:47:44,off,0,0,35,3186,61.4,67,2109,Healthy,On,in_progress
2026-09-07T18:47:58,off,0,0,35,3186,61.4,66,2107,Healthy,On,in_progress
2026-09-07T18:48:15,off,0,0,35,3191,61.5,66,2114,Healthy,On,in_progress
2026-09-07T18:48:29,off,0,0,35,3191,61.5,66,2103,Healthy,On,in_progress
2026-09-07T18:48:43,off,0,0,35,3186,61.4,66,2107,Healthy,On,in_progress
2026-09-07T18:48:58,off,0,0,35,3186,61.4,66,2100,Healthy,On,in_progress
2026-09-07T18:49:14,off,0,0,35,3186,61.4,66,2103,Healthy,On,in_progress
2026-09-07T18:49:28,off,0,0,35,3186,61.4,66,2105,Healthy,On,in_progress
2026-09-07T18:49:43,off,0,0,35,3191,61.5,66,2107,Healthy,On,in_progress
2026-09-07T18:49:59,off,0,0,35,3186,61.4,66,2114,Healthy,On,in_progress
2026-09-07T18:50:13,off,0,0,35,3186,61.4,66,2099,Healthy,On,in_progress
2026-09-07T18:50:28,off,0,0,35,3186,61.4,66,2095,Healthy,On,in_progress
2026-09-07T18:50:44,off,0,0,35,3186,61.4,66,2107,Healthy,On,in_progress
2026-09-07T18:50:58,off,0,0,35,3186,61.4,66,2103,Healthy,On,in_progress
2026-09-07T18:51:13,off,0,0,35,3186,61.4,66,2115,Healthy,On,in_progress
2026-09-07T18:51:29,off,0,0,35,3186,61.4,66,2110,Healthy,On,in_progress
2026-09-07T18:51:43,off,0,0,35,3191,61.5,66,2110,Healthy,On,in_progress
2026-09-07T18:51:58,off,0,0,35,3186,61.4,66,2114,Healthy,On,in_progress
2026-09-07T18:52:14,off,0,0,35,3191,61.5,66,2018,Healthy,On,in_progress
2026-09-07T18:52:28,off,0,0,35,3181,61.3,66,1931,Healthy,On,in_progress
2026-09-07T18:52:43,off,0,0,35,3181,61.3,66,1927,Healthy,On,in_progress
2026-09-07T18:52:59,off,0,0,35,3181,61.3,66,1943,Healthy,On,in_progress
2026-09-07T18:53:14,off,0,0,35,3186,61.4,65,1943,Healthy,On,in_progress
2026-09-07T18:53:28,off,0,0,35,3191,61.5,65,2039,Healthy,On,in_progress
2026-09-07T18:53:44,off,0,0,35,3186,61.4,65,2043,Healthy,On,in_progress
2026-09-07T18:53:59,off,0,0,35,3191,61.5,65,2044,Healthy,On,in_progress
2026-09-07T18:54:13,off,0,0,35,3186,61.4,65,2054,Healthy,On,in_progress
2026-09-07T18:54:29,off,0,0,35,3191,61.5,65,2046,Healthy,On,in_progress
2026-09-07T18:54:44,off,0,0,35,3191,61.5,65,2045,Healthy,On,in_progress
2026-09-07T18:54:58,off,0,0,35,3181,61.3,65,2037,Healthy,On,in_progress
2026-09-07T18:55:14,off,0,0,35,3186,61.4,65,2050,Healthy,On,in_progress
2026-09-07T18:55:29,off,0,0,35,3186,61.4,65,2041,Healthy,On,in_progress
2026-09-07T18:55:43,off,0,0,35,3181,61.3,65,2041,Healthy,On,in_progress
2026-09-07T18:55:59,off,0,0,35,3181,61.3,65,2049,Healthy,On,in_progress
2026-09-07T18:56:14,off,0,0,35,3181,61.3,65,2048,Healthy,On,in_progress
2026-09-07T18:56:28,off,0,0,35,3186,61.4,65,2039,Healthy,On,in_progress
2026-09-07T18:56:44,off,0,0,35,3191,61.5,65,2043,Healthy,On,in_progress
2026-09-07T18:56:59,off,0,0,35,3186,61.4,65,2050,Healthy,On,in_progress
2026-09-07T18:57:30,off,0,0,35,3191,61.5,65,2035,Healthy,On,in_progress
2026-09-07T18:57:44,off,0,0,35,3186,61.4,65,2039,Healthy,On,in_progress
2026-09-07T18:57:58,off,0,0,35,3186,61.4,65,2044,Healthy,On,in_progress
2026-09-07T18:58:13,off,0,0,35,3181,61.3,65,2042,Healthy,On,in_progress
2026-09-07T18:58:29,off,0,0,35,3186,61.4,65,2037,Healthy,On,in_progress
2026-09-07T18:58:43,off,0,0,35,3191,61.5,64,2049,Healthy,On,in_progress
2026-09-07T18:58:58,off,0,0,35,3186,61.4,64,2048,Healthy,On,in_progress
2026-09-07T18:59:14,off,0,0,35,3186,61.4,64,2020,Healthy,On,in_progress
2026-09-07T18:59:28,off,0,0,35,3191,61.5,64,2037,Healthy,On,in_progress
2026-09-07T18:59:43,off,0,0,35,1406,26.9,64,1391,Healthy,On,in_progress
2026-09-07T18:59:59,off,0,0,35,922,17.6,64,-1,Healthy,On,in_progress
2026-09-07T19:00:09,off,0,0,35,922,17.6,64,-1,Healthy,On,unknown
2026-09-07T19:00:13,off,0,0,35,960,18.3,64,20,Healthy,On,unknown
2026-09-07T19:00:28,off,0,0,35,934,17.8,64,-1,Healthy,On,unknown
2026-09-07T19:00:44,off,0,0,35,934,17.8,64,12,Healthy,On,unknown
2026-09-07T19:00:58,off,0,0,35,934,17.8,64,1,Healthy,On,unknown
2026-09-07T19:01:13,off,0,0,35,939,17.9,64,4,Healthy,On,unknown
2026-09-07T19:01:29,off,0,0,35,929,17.7,64,-1,Healthy,On,unknown
2026-09-07T19:01:43,off,0,0,35,945,18.0,64,11,Healthy,On,unknown
2026-09-07T19:01:58,off,0,0,35,929,17.7,64,-1,Healthy,On,unknown
2026-09-07T19:02:14,off,0,0,35,929,17.7,64,3,Healthy,On,unknown
2026-09-07T19:02:29,off,0,0,35,929,17.7,64,8,Healthy,On,unknown
2026-09-07T19:02:43,off,0,0,35,945,18.0,64,8,Healthy,On,unknown
2026-09-07T19:02:59,off,0,0,35,888,16.9,64,22,Healthy,On,unknown
2026-09-07T19:03:14,off,0,0,35,873,16.6,64,-3,Healthy,On,unknown
